radius (m),length (m),x,y,z,axis_direction,,,branch,branch_order
0.0811,0.2398,-27.4255,129.992,158.123,-0.1317,-0.1008,0.9862,1,0
0.0861,0.1657,-27.4573,129.973,158.361,-0.1489,-0.2883,0.9459,1,0
0.0616,0.6079,-27.4451,129.885,158.489,0.4655,-0.1912,0.8641,1,0
0.037,0.0966,-27.1625,129.811,159.029,0.5878,-0.2556,0.7675,1,0
0.0365,0.0936,-27.1085,129.786,159.104,0.474,-0.2341,0.8488,1,0
0.0369,0.0947,-27.0643,129.765,159.184,0.4725,-0.1669,0.8654,1,0
0.039,0.142,-27.02,129.75,159.266,0.4619,-0.1799,0.8685,1,0
0.0364,0.1799,-26.9537,129.727,159.39,0.3906,-0.1791,0.903,1,0
0.0363,0.0862,-26.8902,129.689,159.558,0.674,-0.1095,0.7306,1,0
0.0384,0.1248,-26.8419,129.676,159.637,0.8623,-0.0175,0.5061,1,0
0.0418,0.1133,-26.7301,129.668,159.691,0.9252,0.0914,0.3684,1,0
0.0363,0.1913,-26.6379,129.711,159.794,0.9449,-0.1614,0.2847,1,0
0.046,0.5242,-27.5582,129.955,158.633,-0.1178,0.6074,0.7856,2,1
0.0449,0.0958,-27.6201,130.273,159.044,0.0417,0.5527,0.8324,2,1
0.0467,0.1164,-27.6175,130.325,159.125,0.0696,0.5425,0.8372,2,1
0.0469,0.1522,-27.6109,130.388,159.223,0.1404,0.512,0.8475,2,1
0.0458,0.1088,-27.5947,130.464,159.356,0.297,0.6466,0.7026,2,1
0.0461,0.1493,-27.5643,130.534,159.436,0.5678,0.7322,0.3761,2,1
0.0407,0.1321,-27.4793,130.646,159.486,0.5632,0.7506,0.3456,2,1
0.0383,0.0899,-27.4032,130.745,159.529,0.5282,0.7187,0.4521,2,1
0.0413,0.0767,-27.3553,130.811,159.568,0.4292,0.6859,0.5877,2,1
0.0347,0.0934,-27.3183,130.862,159.612,0.3969,0.7031,0.59,2,1
0.0306,0.139,-27.2729,130.923,159.675,0.1813,0.9368,0.2993,2,1
0.0276,0.1344,-27.2475,131.054,159.715,0.1702,0.9729,0.1565,2,1
0.027,0.1418,-27.2239,131.184,159.737,0.2179,0.9563,0.1951,2,1
0.0266,0.118,-27.1925,131.32,159.765,0.2199,0.9439,0.2463,2,1
0.0284,0.0891,-27.1667,131.431,159.793,0.2679,0.9216,0.2809,2,1
0.0281,0.0934,-27.145,131.515,159.816,0.2252,0.8746,0.4294,2,1
0.0266,0.137,-27.1245,131.6,159.852,0.3364,0.7702,0.5418,2,1
0.0284,0.1001,-27.0786,131.707,159.923,0.4058,0.8287,0.3855,2,1
0.0222,0.1742,-27.0415,131.792,159.952,0.4497,0.8895,0.0811,2,1
0.0363,0.0585,-26.9872,131.978,159.938,0.3734,0.7656,0.5239,2,1
0.0337,0.3417,-26.9692,132.039,159.944,0.5273,0.7518,0.396,2,1
0.0179,0.0284,-26.7363,132.283,160.035,0.4753,0.816,0.329,2,1
0.0175,0.0621,-26.732,132.314,160.041,0.5352,0.7476,0.3933,2,1
0.0169,0.0601,-26.7014,132.362,160.066,0.5551,0.7205,0.4155,2,1
0.0162,0.0736,-26.6671,132.406,160.089,0.6326,0.6137,0.4724,2,1
0.0156,0.0656,-26.6192,132.453,160.121,0.6294,0.4556,0.6296,2,1
0.0213,0.1734,-26.5836,132.494,160.162,0.5121,0.3297,0.7931,2,1
0.0132,0.0546,-26.4826,132.553,160.292,0.4255,0.3021,0.853,2,1
0.0118,0.2073,-26.4566,132.568,160.338,0.4009,0.3072,0.8631,2,1
0.0105,0.023,-26.3677,132.625,160.516,0.4012,0.24,0.884,2,1
0.0055,0.1469,-26.3575,132.63,160.536,0.3578,0.2562,0.898,2,1
0.0088,0.0784,-26.3157,132.674,160.672,0.3738,0.1287,0.9185,2,1
0.0058,0.0746,-26.2786,132.688,160.741,0.2451,0.1947,0.9498,2,1
0.0094,0.0734,-26.2621,132.695,160.815,0.289,0.3104,0.9056,2,1
0.0079,0.0864,-26.2493,132.717,160.884,0.2775,0.1698,0.9456,2,1
0.0122,0.0429,-26.2123,132.739,160.965,0.1237,-0.0876,0.9884,2,1
0.0127,0.0499,-26.2124,132.725,161.01,0.1373,0.2149,0.9669,2,1
0.0173,0.0836,-26.2053,132.731,161.059,0.3007,0.0902,0.9494,2,1
0.0134,0.0444,-26.1633,132.757,161.136,0.1669,-0.0391,0.9852,2,1
0.0116,0.0913,-26.1542,132.756,161.179,0.2465,0.0928,0.9647,2,1
0.0311,0.1699,-26.6769,129.64,159.684,0.8956,-0.423,-0.1374,3,1
0.0315,0.1185,-26.5242,129.568,159.662,0.8811,-0.4484,-0.1505,3,1
0.031,0.0851,-26.4206,129.514,159.643,0.841,-0.5306,-0.1059,3,1
0.0319,0.0736,-26.3518,129.462,159.627,0.9035,-0.4214,0.0788,3,1
0.0271,0.0968,-26.2847,129.431,159.632,0.8438,-0.2959,0.4476,3,1
0.0279,0.1886,-26.2045,129.407,159.686,0.8701,-0.3954,0.2943,3,1
0.0246,0.1339,-26.037,129.329,159.766,0.9369,-0.3052,-0.1704,3,1
0.022,0.1184,-25.9124,129.288,159.74,0.9604,-0.189,-0.2049,3,1
0.0226,0.0588,-25.7986,129.263,159.717,0.9913,-0.0329,-0.1273,3,1
0.0182,0.1241,-25.7352,129.258,159.706,0.6348,0.6749,0.3762,3,1
0.0172,0.1467,-25.6517,129.341,159.748,0.6257,0.6479,0.4344,3,1
0.0244,0.0734,-25.5682,129.438,159.82,0.6826,0.5284,0.5049,3,1
0.0157,0.0763,-25.51,129.481,159.844,0.6178,0.5556,0.5565,3,1
0.019,0.1315,-25.4661,129.526,159.888,0.6103,0.4812,0.6292,3,1
0.0206,0.1142,-25.3915,129.59,159.974,0.4574,0.4382,0.7738,3,1
0.0138,0.1708,-25.3362,129.649,160.057,0.4195,0.3573,0.8345,3,1
0.0107,0.1035,-25.2594,129.708,160.197,0.4585,0.265,0.8483,3,1
0.0058,0.097,-25.2146,129.736,160.288,0.7949,0.1041,0.5977,3,1
0.0083,0.1013,-25.1371,129.747,160.346,0.8143,0.1304,0.5656,3,1
0.0073,0.0781,-25.0544,129.76,160.403,0.7993,0.1305,0.5866,3,1
0.0044,0.0688,-24.9911,129.769,160.448,0.7696,0.1468,0.6215,3,1
0.0046,0.0866,-24.9378,129.778,160.49,0.7616,0.1625,0.6274,3,1
0.0067,0.0488,-24.8692,129.787,160.543,0.7171,0.2241,0.6599,3,1
0.0105,0.2106,-24.8293,129.816,160.572,0.6118,-0.0154,0.7908,3,1
0.0043,0.1063,-24.7034,129.819,160.74,0.4353,-0.0644,0.898,3,1
0.0405,0.3213,-27.4754,129.821,158.57,0.2853,-0.882,0.375,4,1
0.0375,0.1862,-27.3825,129.536,158.687,0.1341,-0.8218,0.5538,4,1
0.0359,0.0873,-27.3572,129.384,158.792,0.1811,-0.7607,0.6233,4,1
0.037,0.089,-27.3422,129.317,158.846,0.204,-0.7311,0.6511,4,1
0.037,0.0852,-27.3244,129.251,158.904,0.1724,-0.6759,0.7165,4,1
0.037,0.0833,-27.3113,129.194,158.965,0.213,-0.6746,0.7068,4,1
0.0368,0.0815,-27.292,129.137,159.023,0.1774,-0.6771,0.7142,4,1
0.0369,0.0838,-27.2774,129.082,159.081,0.1147,-0.6627,0.7401,4,1
0.0382,0.0839,-27.2696,129.027,159.144,0.1861,-0.6522,0.7349,4,1
0.0406,0.1153,-27.2559,128.97,159.204,0.2233,-0.6003,0.768,4,1
0.0376,0.1713,-27.2402,128.9,159.294,0.1624,-0.7058,0.6896,4,1
0.0377,0.1361,-27.2099,128.777,159.41,-0.0634,-0.8594,0.5073,4,1
0.036,0.0774,-27.2205,128.659,159.477,-0.0094,-0.7763,0.6303,4,1
0.0369,0.1154,-27.2191,128.6,159.527,0.0449,-0.7169,0.6958,4,1
0.0322,0.1363,-27.2192,128.513,159.609,0.5423,-0.5041,0.6721,4,1
0.0258,0.1144,-27.1437,128.439,159.694,0.7105,-0.4169,0.5669,4,1
0.0259,0.0949,-27.063,128.391,159.76,0.7026,-0.3646,0.6111,4,1
0.0261,0.0978,-26.9983,128.351,159.816,0.6935,-0.4111,0.5916,4,1
0.0248,0.0428,-26.9314,128.313,159.877,0.7342,-0.4333,0.5226,4,1
0.0249,0.0843,-26.898,128.296,159.913,0.7551,-0.6544,-0.0404,4,1
0.0219,0.0942,-26.8347,128.239,159.914,0.6446,-0.7016,-0.3037,4,1
0.022,0.0457,-26.7733,128.173,159.884,0.7189,-0.5544,0.4193,4,1
0.0147,0.0689,-26.7286,128.128,159.892,0.668,-0.0457,0.7428,4,1
0.0154,0.1425,-26.6663,128.141,159.934,0.5632,-0.1111,0.8188,4,1
0.0111,0.1509,-26.5823,128.113,160.049,0.5591,0.0853,0.8247,4,1
0.0093,0.114,-26.4995,128.127,160.174,0.4703,0.0929,0.8776,4,1
0.008,0.082,-26.4433,128.135,160.273,0.4317,0.0091,0.902,4,1
0.0067,0.0733,-26.4066,128.135,160.347,0.3704,0.0783,0.9256,4,1
0.0073,0.1074,-26.3804,128.148,160.415,0.3436,0.053,0.9376,4,1
0.0057,0.0621,-26.3452,128.151,160.516,0.2142,0.0964,0.972,4,1
0.004,0.132,-26.3289,128.15,160.577,0.1392,0.1464,0.9794,4,1
0.0487,0.3358,-27.4731,129.925,158.529,-0.6577,-0.3144,0.6845,5,1
0.0532,0.0785,-27.6954,129.807,158.76,-0.7123,0.1127,0.6928,5,1
0.0404,0.0971,-27.743,129.817,158.821,-0.6612,0.324,0.6767,5,1
0.0368,0.0766,-27.807,129.848,158.888,-0.8417,0.2132,0.496,5,1
0.037,0.0828,-27.874,129.863,158.923,-0.8125,0.1516,0.5629,5,1
0.0386,0.073,-27.9427,129.875,158.968,-0.7642,0.1794,0.6195,5,1
0.0355,0.0764,-27.9992,129.889,159.012,-0.7359,0.1245,0.6656,5,1
0.0358,0.0859,-28.0553,129.899,159.063,-0.7632,0.0857,0.6404,5,1
0.0354,0.1073,-28.1229,129.907,159.115,-0.7369,0.0498,0.6741,5,1
0.0327,0.0908,-28.2018,129.913,159.188,-0.7155,-0.034,0.6978,5,1
0.0339,0.0806,-28.266,129.909,159.252,-0.7643,-0.0026,0.6449,5,1
0.037,0.1324,-28.3277,129.916,159.309,-0.9744,-0.1454,0.1715,5,1
0.0349,0.1116,-28.4602,129.9,159.327,-0.8155,-0.5506,0.1783,5,1
0.0325,0.1241,-28.5422,129.836,159.355,-0.6051,-0.6566,0.4503,5,1
0.0311,0.0748,-28.6194,129.755,159.41,-0.6123,-0.5415,0.5761,5,1
0.0316,0.1322,-28.6657,129.715,159.453,-0.591,-0.5556,0.5848,5,1
0.0305,0.0617,-28.7416,129.634,159.53,-0.7032,-0.2042,0.681,5,1
0.0272,0.1944,-28.7935,129.602,159.57,-0.6041,0.1855,0.775,5,1
0.0253,0.0937,-28.9123,129.637,159.719,-0.7522,-0.1256,0.6469,5,1
0.0205,0.1083,-28.983,129.621,159.777,-0.8345,-0.3078,0.457,5,1
0.0185,0.0865,-29.0744,129.588,159.824,-0.8482,-0.2668,0.4576,5,1
0.0193,0.0616,-29.1475,129.567,159.866,-0.8341,-0.3781,0.4017,5,1
0.0182,0.0442,-29.2023,129.544,159.897,-0.4595,-0.867,-0.1929,5,1
0.0182,0.0777,-29.2327,129.508,159.907,-0.4683,-0.87,-0.1544,5,1
0.0306,0.191,-29.2608,129.427,159.884,-0.591,-0.7077,0.3871,5,1
0.0154,0.087,-29.3883,129.288,159.942,-0.5427,-0.5496,0.6351,5,1
0.0145,0.0814,-29.4363,129.239,159.995,-0.5782,-0.4526,0.6789,5,1
0.0136,0.0786,-29.4776,129.199,160.051,-0.3349,-0.448,0.8289,5,1
0.0235,0.0642,-29.5378,129.141,160.096,-0.4014,-0.2024,0.8933,5,1
0.0121,0.0685,-29.5351,129.131,160.168,-0.3745,-0.4118,0.8307,5,1
0.0125,0.062,-29.5604,129.101,160.224,-0.3763,-0.3974,0.8369,5,1
0.0102,0.077,-29.5876,129.078,160.275,-0.3654,-0.3699,0.8542,5,1
0.0118,0.0573,-29.613,129.048,160.341,-0.3602,-0.3063,0.8811,5,1
0.0061,0.0985,-29.6491,129.031,160.388,-0.2231,-0.3875,0.8945,5,1
0.0061,0.2448,-29.6714,128.99,160.475,-0.2635,-0.2981,0.9175,5,1
0.0042,0.0257,-29.7335,128.918,160.701,-0.2765,-0.257,0.926,5,1
0.0042,0.0508,-29.7371,128.91,160.725,-0.2953,-0.229,0.9275,5,1
0.0056,0.0434,-29.7478,128.898,160.773,-0.1951,-0.2559,0.9468,5,1
0.0044,0.0479,-29.7608,128.885,160.813,-0.1462,-0.2204,0.9644,5,1
0.0045,0.0498,-29.7674,128.875,160.86,-0.1683,-0.2325,0.9579,5,1
0.0039,0.066,-29.7809,128.863,160.906,-0.1688,-0.1654,0.9717,5,1
0.0057,0.036,-29.7904,128.857,160.973,-0.4814,-0.2026,0.8528,5,1
0.0043,0.1499,-29.8019,128.845,161.007,-0.6248,-0.1964,0.7557,5,1
0.0152,0.1287,-26.9422,129.76,159.404,0.704,0.709,0.0416,6,1
0.0211,0.063,-26.8604,129.861,159.418,0.8131,0.379,0.4418,6,1
0.0249,0.1456,-26.7622,129.916,159.431,0.3115,-0.0101,0.9502,6,1
0.0215,0.0364,-26.7175,129.888,159.56,0.9964,0.0035,-0.0844,6,1
0.0198,0.2072,-26.5711,129.823,159.558,0.381,0.6584,0.6491,6,1
0.0141,0.294,-26.5166,129.947,159.704,-0.3192,0.9029,0.2879,6,1
0.0156,0.1066,-26.8586,129.719,159.543,0.721,0.6711,-0.1727,7,1
0.0156,0.03,-26.7818,129.791,159.524,-0.6726,0.643,0.3662,7,1
0.0126,0.0922,-26.795,129.818,159.54,-0.7734,0.3466,0.5308,7,1
0.0114,0.0789,-26.8583,129.871,159.595,-0.7686,0.1013,0.6317,7,1
0.0097,0.1105,-26.9269,129.88,159.64,-0.5235,0.0435,0.8509,7,1
0.0105,0.1191,-26.9974,129.893,159.727,-0.507,0.0221,0.8617,7,1
0.0124,0.0685,-27.0589,129.898,159.829,-0.4495,-0.061,0.8912,7,1
0.0102,0.1339,-27.0906,129.891,159.889,-0.3681,-0.0529,0.9283,7,1
0.018,0.1012,-27.1488,129.881,160.011,-0.1873,-0.2659,0.9456,7,1
0.0148,0.0655,-27.3168,129.859,160.075,-0.2065,-0.2779,0.9381,7,1
0.0134,0.1483,-27.1955,129.874,160.169,-0.2174,-0.0753,0.9732,7,1
0.0108,0.0771,-27.2249,129.864,160.315,-0.2005,-0.0937,0.9752,7,1
0.0081,0.1428,-27.2265,129.855,160.393,-0.2039,-0.0676,0.9766,7,1
0.0078,0.0526,-27.2527,129.845,160.532,-0.0564,-0.0783,0.9953,7,1
0.0077,0.0828,-27.2661,129.842,160.584,-0.1002,-0.092,0.9907,7,1
0.007,0.0581,-27.2726,129.832,160.666,-0.1114,-0.0294,0.9933,7,1
0.0071,0.0732,-27.2783,129.827,160.723,-0.056,-0.1049,0.9929,7,1
0.0053,0.0799,-27.2767,129.824,160.797,-0.0767,-0.0884,0.9931,7,1
0.0052,0.0847,-27.2824,129.819,160.876,-0.0912,-0.1347,0.9867,7,1
0.0063,0.066,-27.287,129.811,160.961,-0.1078,-0.1439,0.9837,7,1
0.0059,0.1006,-27.2958,129.801,161.026,0.0437,-0.0776,0.996,7,1
0.0084,0.0796,-27.2847,129.795,161.126,-0.0255,-0.0698,0.9972,7,1
0.0088,0.0537,-27.2849,129.788,161.206,-0.1083,-0.0707,0.9916,7,1
0.0105,0.0447,-27.3018,129.792,161.26,-0.0695,-0.1882,0.9797,7,1
0.0108,0.0932,-27.2991,129.788,161.305,-0.1293,-0.2453,0.9608,7,1
0.0052,0.0957,-27.3041,129.754,161.395,-0.0603,0.0124,0.9981,7,1
0.0165,0.0852,-26.6991,129.712,159.697,0.1332,0.9859,-0.1012,8,1
0.0165,0.0494,-26.6878,129.796,159.688,-0.0411,0.6952,0.7177,8,1
0.0145,0.0665,-26.6917,129.834,159.718,-0.1984,0.8257,0.5281,8,1
0.0214,0.0717,-26.6755,129.887,159.769,-0.1574,0.8951,0.4171,8,1
0.0126,0.0963,-26.7178,129.948,159.792,-0.2065,0.769,0.605,8,1
0.0119,0.1382,-26.7373,130.023,159.85,-0.1946,0.7681,0.6101,8,1
0.0119,0.0797,-26.7586,130.135,159.931,-0.2349,0.6223,0.7467,8,1
0.0177,0.2249,-26.7874,130.183,159.99,-0.1195,0.7324,0.6703,8,1
0.0156,0.1142,-26.8042,130.353,160.147,-0.6208,0.5737,0.5344,8,1
0.01,0.0739,-26.8726,130.427,160.205,-0.5078,0.4391,0.7412,8,1
0.0089,0.0872,-26.9055,130.464,160.26,-0.3954,0.3661,0.8424,8,1
0.0084,0.0848,-26.9506,130.495,160.329,-0.3812,0.3103,0.8709,8,1
0.008,0.0755,-26.9829,130.521,160.403,-0.3158,0.2634,0.9115,8,1
0.0055,0.054,-27.0048,130.541,160.472,-0.2604,0.3126,0.9135,8,1
0.0073,0.0759,-27.0227,130.559,160.52,-0.2311,0.2844,0.9305,8,1
0.0068,0.0604,-27.0389,130.58,160.591,-0.2882,0.2503,0.9243,8,1
0.0087,0.0822,-27.0636,130.593,160.646,-0.2337,0.2339,0.9438,8,1
0.0059,0.0612,-27.0771,130.614,160.724,-0.1069,0.2389,0.9651,8,1
0.0052,0.1274,-27.0907,130.627,160.783,-0.0625,0.1816,0.9814,8,1
0.0063,0.0986,-27.1066,130.65,160.907,-0.0867,0.1567,0.9838,8,1
0.0068,0.053,-27.1139,130.665,161.004,-0.1596,0.0882,0.9832,8,1
0.0049,0.0683,-27.1232,130.676,161.055,-0.1157,0.1526,0.9815,8,1
0.0054,0.1013,-27.1321,130.687,161.122,-0.0815,0.1742,0.9813,8,1
0.0081,0.2025,-27.5956,130.229,159.045,0.8642,-0.502,-0.0338,9,2
0.0043,0.0634,-27.4175,130.132,159.04,0.7901,-0.6108,-0.0522,9,2
0.0059,0.1572,-27.3665,130.093,159.036,0.5943,-0.5404,0.5956,9,2
0.0193,0.2216,-27.6518,130.238,159.049,-0.8642,0.4975,0.0749,10,2
0.0125,0.1127,-27.8543,130.364,159.061,-0.774,-0.3593,0.5213,10,2
0.0094,0.0879,-27.9448,130.326,159.117,-0.5538,-0.1015,0.8264,10,2
0.0117,0.1037,-27.996,130.32,159.189,-0.4556,-0.0779,0.8868,10,2
0.0099,0.073,-28.0432,130.309,159.281,-0.4084,-0.0656,0.9105,10,2
0.0124,0.0731,-28.0781,130.301,159.345,-0.3445,-0.0313,0.9382,10,2
0.0088,0.0962,-28.0989,130.3,159.415,-0.3085,0.0059,0.9512,10,2
0.0083,0.0677,-28.1196,130.303,159.511,-0.443,-0.0257,0.8961,10,2
0.0111,0.2717,-28.1499,130.307,159.572,-0.2171,-0.0252,0.9758,10,2
0.0081,0.0475,-28.2113,130.301,159.837,-0.1997,0.0189,0.9797,10,2
0.0088,0.1007,-28.2227,130.304,159.883,-0.1446,0.0624,0.9875,10,2
0.0093,0.1006,-28.2374,130.311,159.982,-0.0919,0.0789,0.9926,10,2
0.0092,0.056,-28.2467,130.318,160.082,-0.0852,0.0754,0.9935,10,2
0.01,0.0976,-28.2514,130.324,160.137,-0.0919,0.0689,0.9934,10,2
0.0095,0.0934,-28.2595,130.331,160.235,-0.1339,-0.0307,0.9905,10,2
0.0077,0.091,-28.2757,130.324,160.327,-0.0729,0.0703,0.9949,10,2
0.0076,0.0876,-28.2813,130.33,160.418,-0.019,0.0496,0.9986,10,2
0.0075,0.1113,-28.2934,130.334,160.506,0.0429,0.1033,0.9937,10,2
0.0135,0.0544,-28.2914,130.329,160.62,-0.0909,0.2014,0.9753,10,2
0.0074,0.114,-28.2875,130.356,160.672,-0.0546,0.0819,0.9951,10,2
0.0073,0.0513,-28.2874,130.366,160.786,-0.0687,0.1034,0.9923,10,2
0.0072,0.0608,-28.2864,130.373,160.836,0.0088,0.154,0.988,10,2
0.0228,0.0847,-28.2586,130.365,160.899,0.0837,0.2865,0.9544,10,2
0.0103,0.0778,-28.2805,130.385,160.976,-0.1435,0.0774,0.9866,10,2
0.0131,0.1477,-28.28,130.401,161.052,-0.0045,0.0689,0.9976,10,2
0.0213,0.1454,-27.4423,130.628,159.484,0.9585,-0.2839,0.0263,11,2
0.0214,0.0509,-27.3059,130.596,159.489,0.9501,0.2536,0.1817,11,2
0.0136,0.1041,-27.2492,130.574,159.507,0.9586,0.2586,0.1193,11,2
0.0134,0.069,-27.1496,130.601,159.52,0.9663,0.1698,0.1932,11,2
0.01,0.0681,-27.0773,130.621,159.52,0.9384,-0.2229,0.264,11,2
0.0098,0.0909,-27.0129,130.606,159.537,0.8832,-0.3009,0.3598,11,2
0.0104,0.0747,-26.9317,130.579,159.568,0.8383,-0.2814,0.4671,11,2
0.0102,0.0711,-26.869,130.557,159.603,0.8291,-0.2613,0.4943,11,2
0.0093,0.1467,-26.808,130.539,159.635,0.83,-0.213,0.5154,11,2
0.01,0.0815,-26.692,130.499,159.714,0.7702,-0.3197,0.5519,11,2
0.0087,0.1754,-26.6255,130.475,159.755,0.7279,-0.3401,0.5954,11,2
0.0082,0.1077,-26.5004,130.413,159.861,0.6375,-0.3752,0.6729,11,2
0.0102,0.0966,-26.4353,130.372,159.935,0.529,-0.3822,0.7577,11,2
0.0111,0.0429,-26.3856,130.332,160.008,0.5056,-0.2632,0.8216,11,2
0.0073,0.0577,-26.3593,130.32,160.039,0.6568,-0.1838,0.7314,11,2
0.0071,0.044,-26.3235,130.308,160.084,0.7985,0.1197,0.59,11,2
0.01,0.1167,-26.2891,130.319,160.11,0.7462,0.1177,0.6552,11,2
0.0068,0.0834,-26.191,130.34,160.175,0.6617,0.1456,0.7355,11,2
0.0063,0.1193,-26.1349,130.353,160.236,0.5783,0.1115,0.8082,11,2
0.0067,0.0469,-26.0641,130.367,160.331,0.4024,0.0642,0.9132,11,2
0.0065,0.0498,-26.0449,130.37,160.374,0.3349,0.0542,0.9407,11,2
0.0058,0.1183,-26.0295,130.375,160.421,0.3124,-0.0567,0.9482,11,2
0.0094,0.0602,-25.9885,130.359,160.534,0.2484,0.1364,0.959,11,2
0.0159,0.1725,-27.4813,130.708,159.517,-0.6317,0.444,0.6354,12,2
0.0157,0.0812,-27.5904,130.788,159.625,-0.6544,0.2758,0.704,12,2
0.0142,0.0649,-27.6433,130.813,159.682,-0.589,0.1401,0.7959,12,2
0.0143,0.0809,-27.683,130.823,159.732,-0.5355,0.1127,0.837,12,2
0.0143,0.0751,-27.7265,130.833,159.8,-0.4791,0.0943,0.8727,12,2
0.0142,0.0793,-27.7611,130.84,159.865,-0.1534,0.301,0.9412,12,2
0.0129,0.0695,-27.7964,130.863,159.946,0.188,0.5476,0.8153,12,2
0.0084,0.0939,-27.7747,130.904,159.999,0.1656,0.4573,0.8737,12,2
0.015,0.1752,-27.7515,130.941,160.086,-0.3161,0.2562,0.9135,12,2
0.0043,0.1139,-27.8227,130.984,160.24,-0.3757,0.1421,0.9158,12,2
0.0206,0.1528,-27.3605,130.88,159.614,-0.2771,0.916,0.2901,13,2
0.0212,0.2041,-27.4042,131.02,159.659,-0.2573,0.9273,0.2717,13,2
0.0226,0.086,-27.4571,131.209,159.713,-0.2265,0.9383,0.2614,13,2
0.0203,0.1072,-27.4785,131.294,159.714,0.1189,0.9763,0.1808,13,2
0.0191,0.1249,-27.4944,131.408,159.757,0.1243,0.9695,-0.211,13,2
0.0198,0.1433,-27.4779,131.53,159.733,0.0564,0.8241,-0.5636,13,2
0.0186,0.1698,-27.4689,131.648,159.652,0.0994,0.9053,-0.4129,13,2
0.0197,0.0597,-27.4582,131.805,159.578,0.4329,0.9002,0.047,13,2
0.0211,0.4283,-27.4285,131.876,159.542,0.2346,0.881,0.4107,13,2
0.0115,0.0255,-27.357,132.257,159.72,0.1513,0.8407,0.5199,13,2
0.0095,0.0396,-27.3522,132.28,159.731,0.0371,0.7814,0.623,13,2
0.0091,0.0741,-27.3669,132.314,159.755,0.0942,0.6978,0.7101,13,2
0.0099,0.0733,-27.3467,132.363,159.81,0.0108,0.691,0.7227,13,2
0.008,0.0539,-27.3516,132.423,159.856,0.0573,0.6052,0.794,13,2
0.0074,0.1073,-27.3504,132.456,159.899,0.0793,0.6018,0.7947,13,2
0.0068,0.0644,-27.342,132.521,159.984,0.0702,0.5814,0.8106,13,2
0.0031,0.0774,-27.3373,132.56,160.035,0.0084,0.5403,0.8414,13,2
0.0037,0.0767,-27.3367,132.602,160.1,0.0398,0.5375,0.8423,13,2
0.0032,0.0666,-27.3319,132.644,160.165,0.0363,0.4427,0.8959,13,2
0.004,0.0678,-27.329,132.674,160.224,-0.0552,0.4364,0.8981,13,2
0.0053,0.0851,-27.3354,132.706,160.284,0.0731,0.3498,0.934,13,2
0.0048,0.1658,-27.3353,132.74,160.363,0.0849,0.3545,0.9312,13,2
0.0054,0.0882,-27.3211,132.793,160.519,0.0159,0.3401,0.9403,13,2
0.0035,0.0647,-27.3189,132.822,160.602,0.0914,0.2928,0.9518,13,2
0.0213,0.1177,-27.236,130.961,159.699,0.7819,0.2533,0.5696,14,2
0.0217,0.0715,-27.1442,130.99,159.767,0.7836,0.2528,0.5675,14,2
0.0219,0.0964,-27.0888,131.009,159.808,0.8023,0.2525,0.5409,14,2
0.0238,0.0894,-27.0124,131.03,159.868,0.9095,0.3383,0.2415,14,2
0.0251,0.0727,-26.9308,131.061,159.895,0.9092,0.3899,-0.1462,14,2
0.0238,0.2165,-26.8658,131.093,159.887,0.9328,0.3544,-0.065,14,2
0.0228,0.074,-26.6638,131.168,159.876,0.9259,0.332,0.1803,14,2
0.0222,0.0655,-26.5954,131.193,159.889,0.9039,0.3563,0.2367,14,2
0.0242,0.081,-26.5334,131.21,159.907,0.7739,0.5325,0.3428,14,2
0.0273,0.0782,-26.4727,131.256,159.931,0.4007,0.858,0.3214,14,2
0.0224,0.0786,-26.4321,131.326,159.943,0.7134,0.4026,0.5735,14,2
0.015,0.1441,-26.3697,131.386,159.975,0.639,0.1985,0.7431,14,2
0.0145,0.0769,-26.2738,131.415,160.079,0.5625,0.1663,0.8099,14,2
0.014,0.0779,-26.2261,131.427,160.139,0.4729,0.1566,0.8671,14,2
0.0133,0.1674,-26.1867,131.441,160.206,0.3683,0.1211,0.9218,14,2
0.0125,0.0929,-26.1257,131.461,160.36,0.2912,0.1213,0.9489,14,2
0.012,0.0799,-26.0991,131.473,160.448,0.2788,0.0986,0.9553,14,2
0.0113,0.1092,-26.075,131.48,160.524,0.2856,0.0899,0.9541,14,2
0.021,0.0408,-26.026,131.513,160.627,-0.0527,0.0849,0.995,14,2
0.0144,0.2036,-26.0186,131.505,160.665,0.2904,-0.0015,0.9569,14,2
0.0105,0.1216,-25.9856,131.507,160.867,0.2591,0.0842,0.9622,14,2
0.0076,0.0681,-25.9439,131.512,160.982,0.2232,0.136,0.9652,14,2
0.0079,0.0734,-25.9342,131.524,161.049,0.2467,0.0857,0.9653,14,2
0.0067,0.0957,-25.914,131.53,161.119,0.2184,0.0845,0.9722,14,2
0.0092,0.0509,-25.8986,131.538,161.213,0.2002,0.0759,0.9768,14,2
0.0132,0.0559,-25.8884,131.535,161.265,0.1623,0.2446,0.956,14,2
0.0121,0.0935,-25.8755,131.552,161.318,-0.0111,-0.1055,0.9944,14,2
0.0021,0.0882,-25.8777,131.523,161.406,-0.1642,-0.2573,0.9523,14,2
0.0068,0.2357,-27.221,131.309,159.771,-0.5928,0.4869,0.6415,15,2
0.0147,0.0474,-27.1138,131.534,159.815,0.9226,-0.0303,-0.3847,16,2
0.0147,0.0883,-27.0701,131.533,159.797,0.6912,0.1853,-0.6985,16,2
0.0147,0.0888,-27.0066,131.55,159.737,0.6067,0.1562,-0.7794,16,2
0.0117,0.0961,-26.9506,131.569,159.67,0.5938,-0.0151,-0.8045,16,2
0.0117,0.0821,-26.8969,131.574,159.589,0.5892,-0.0476,-0.8066,16,2
0.0182,0.1372,-26.8344,131.562,159.528,0.4133,0.144,-0.8991,16,2
0.0093,0.0734,-26.7932,131.578,159.393,0.5483,0.2775,-0.7889,16,2
0.0092,0.081,-26.7573,131.598,159.331,0.6441,0.3208,-0.6944,16,2
0.0067,0.0992,-26.7123,131.628,159.266,0.7715,0.3792,-0.5109,16,2
0.0091,0.0708,-26.6452,131.671,159.205,0.7808,0.4526,-0.4308,16,2
0.0046,0.117,-26.586,131.698,159.177,0.8161,0.4867,-0.3117,16,2
0.0168,0.0803,-26.4795,131.745,159.146,0.7183,0.686,-0.1156,16,2
0.016,0.076,-26.4127,131.794,159.13,0.5049,0.8623,-0.0383,16,2
0.0136,0.075,-26.371,131.842,159.124,0.9728,0.1975,-0.1214,16,2
0.0157,0.0925,-26.3001,131.848,159.13,0.9554,-0.2939,-0.0284,16,2
0.0118,0.194,-26.215,131.814,159.144,0.9583,-0.2784,0.0637,16,2
0.0108,0.1377,-26.0415,131.777,159.174,0.7527,-0.1125,0.6487,16,2
0.0079,0.0577,-25.9351,131.76,159.26,0.7586,0.0914,0.6451,16,2
0.009,0.1228,-25.8912,131.771,159.298,0.7391,-0.0634,0.6706,16,2
0.0074,0.1168,-25.7968,131.764,159.376,0.6965,0.0084,0.7175,16,2
0.0072,0.0484,-25.7174,131.764,159.462,0.715,0.0946,0.6927,16,2
0.0071,0.0553,-25.6805,131.768,159.494,0.6181,-0.021,0.7858,16,2
0.0069,0.1168,-25.6462,131.769,159.537,0.6295,-0.0659,0.7742,16,2
0.0104,0.0457,-25.5663,131.761,159.623,0.5549,-0.0301,0.8314,16,2
0.0065,0.1317,-25.5466,131.759,159.665,0.5594,0.0597,0.8267,16,2
0.0084,0.0885,-25.4723,131.767,159.774,0.3819,0.0354,0.9235,16,2
0.0058,0.1417,-25.4311,131.769,159.853,0.3911,0.0435,0.9193,16,2
0.0171,0.0991,-25.3645,131.783,159.977,0.2878,0.2174,0.9327,16,2
0.0108,0.0898,-27.1055,131.699,159.933,-0.6343,0.4308,0.6419,17,2
0.0109,0.0764,-27.1634,131.739,159.989,-0.6024,0.3836,0.7,17,2
0.0169,0.0755,-27.2212,131.759,160.044,-0.264,0.4009,0.8773,17,2
0.0154,0.1015,-27.2631,131.784,160.103,-0.3329,0.3601,0.8715,17,2
0.0126,0.0637,-27.3059,131.814,160.189,-0.426,0.1801,0.8866,17,2
0.0132,0.1484,-27.3332,131.826,160.245,-0.3551,0.1535,0.9221,17,2
0.0116,0.1326,-27.387,131.85,160.381,-0.3053,0.1547,0.9396,17,2
0.0089,0.06,-27.4383,131.883,160.502,-0.3116,0.0119,0.9501,17,2
0.0086,0.1292,-27.4484,131.881,160.562,-0.2474,0.145,0.958,17,2
0.0113,0.0853,-27.4722,131.902,160.687,-0.2011,0.0482,0.9784,17,2
0.0127,0.1738,-27.495,131.895,160.772,-0.1242,0.1626,0.9788,17,2
0.0096,0.1036,-27.5398,131.931,160.939,-0.0788,0.1534,0.985,17,2
0.0063,0.1151,-27.5437,131.942,161.042,-0.0782,0.0836,0.9934,17,2
0.0083,0.0543,-27.5481,131.949,161.156,-0.0617,0.1222,0.9906,17,2
0.0053,0.1025,-27.557,131.959,161.21,-0.0734,0.1078,0.9915,17,2
0.0048,0.0578,-27.5649,131.971,161.311,-0.1234,0.0903,0.9882,17,2
0.0093,0.0821,-27.5741,131.984,161.368,-0.0828,0.0526,0.9952,17,2
0.0088,0.0563,-27.5815,131.99,161.449,-0.0587,0.1191,0.9912,17,2
0.017,0.1566,-27.0828,131.746,159.916,-0.0969,0.9952,0.0134,18,2
0.0123,0.1099,-27.0847,131.939,159.928,-0.9225,0.3628,-0.1315,18,2
0.0076,0.0847,-27.1656,132.011,159.915,-0.7605,0.4714,0.4465,18,2
0.0134,0.1114,-27.2338,132.049,159.952,-0.5265,0.3907,0.7551,18,2
0.01,0.1565,-27.2892,132.096,160.036,-0.3347,0.3571,0.872,18,2
0.0107,0.11,-27.341,132.15,160.173,-0.2554,0.3194,0.9125,18,2
0.0162,0.0533,-27.3639,132.201,160.274,-0.253,0.0125,0.9674,18,2
0.0092,0.1147,-27.3843,132.204,160.323,-0.2305,0.2268,0.9463,18,2
0.0088,0.0653,-27.4125,132.23,160.432,-0.1998,0.2348,0.9513,18,2
0.0081,0.0825,-27.4254,132.246,160.494,-0.2281,0.243,0.9428,18,2
0.0085,0.0562,-27.4414,132.264,160.573,-0.2757,0.2556,0.9266,18,2
0.0146,0.3195,-27.4587,132.296,160.621,-0.1352,0.1959,0.9713,18,2
0.0059,0.1902,-27.4951,132.348,160.934,-0.0804,0.1786,0.9806,18,2
0.0053,0.0299,-27.5118,132.384,161.12,-0.086,0.2367,0.9678,18,2
0.0068,0.1564,-27.5106,132.387,161.15,-0.1326,0.3113,0.941,18,2
0.0064,0.0504,-27.5253,132.438,161.298,-0.087,0.1681,0.9819,18,2
0.004,0.068,-27.5292,132.443,161.348,0.0084,0.2023,0.9793,18,2
0.0044,0.1092,-27.5265,132.454,161.415,-0.023,0.263,0.9645,18,2
0.0029,0.0955,-27.5286,132.483,161.521,-0.0358,0.2539,0.9666,18,2
0.0095,0.0837,-26.7249,132.339,160.035,0.3189,0.9334,-0.1644,19,2
0.0095,0.0677,-26.6952,132.402,160.058,0.2016,0.9187,0.3397,19,2
0.0052,0.0898,-26.7008,132.461,160.089,0.0063,0.9295,0.3687,19,2
0.0049,0.0876,-26.7062,132.546,160.121,0.0032,0.8768,0.4809,19,2
0.0043,0.0788,-26.7092,132.625,160.159,0.0088,0.8215,0.5701,19,2
0.0065,0.0775,-26.7178,132.691,160.204,0.0586,0.8044,0.5912,19,2
0.0058,0.1999,-26.7066,132.758,160.244,0.0001,0.7301,0.6834,19,2
0.0045,0.0692,-26.7071,132.904,160.381,-0.0311,0.647,0.7618,19,2
0.0065,0.058,-26.7078,132.953,160.431,0.024,0.5615,0.8271,19,2
0.0073,0.0948,-26.7103,132.987,160.478,0.1458,0.5357,0.8317,19,2
0.0115,0.0586,-26.684,133.028,160.561,0.1718,0.5528,0.8154,19,2
0.0097,0.1084,-26.6762,133.061,160.609,0.1186,0.5085,0.8528,19,2
0.009,0.1258,-26.6716,133.117,160.703,0.172,0.326,0.9296,19,2
0.0253,0.1555,-27.0598,131.734,159.967,0.0007,0.4547,0.8907,20,2
0.023,0.0969,-27.0427,131.774,160.137,0.0144,0.7231,0.6906,20,2
0.0215,0.3072,-27.0731,131.826,160.223,0.0734,0.6516,0.755,20,2
0.0142,0.0227,-27.0406,132.027,160.453,0.0704,0.61,0.7893,20,2
0.0197,0.1712,-27.0072,132.056,160.46,0.1314,0.3865,0.9129,20,2
0.0175,0.0751,-26.9975,132.15,160.608,0.1439,0.3368,0.9305,20,2
0.0111,0.138,-27.0004,132.187,160.674,0.1341,0.4517,0.882,20,2
0.0097,0.084,-26.9906,132.249,160.797,0.1098,0.324,0.9397,20,2
0.0088,0.0567,-26.9801,132.275,160.877,0.1856,0.3754,0.9081,20,2
0.0112,0.0787,-26.9639,132.289,160.93,0.2159,0.3903,0.895,20,2
0.0088,0.0597,-26.9607,132.327,161.004,0.4133,0.2683,0.8702,20,2
0.0064,0.0734,-26.9393,132.35,161.058,0.6366,0.0973,0.7651,20,2
0.0109,0.0946,-26.8888,132.354,161.112,0.5774,0.0638,0.814,20,2
0.0066,0.048,-26.8324,132.364,161.187,0.4775,0.2671,0.837,20,2
0.006,0.0849,-26.9433,132.067,159.924,0.3257,0.2078,-0.9224,21,2
0.006,0.2126,-26.9157,132.085,159.846,0.7629,-0.3043,-0.5705,21,2
0.0037,0.1109,-26.908,132.089,160.005,0.5898,-0.0265,0.8071,22,2
0.0036,0.076,-26.8426,132.086,160.095,0.4407,0.0457,0.8965,22,2
0.0032,0.1453,-26.8083,132.09,160.163,0.4101,0.0046,0.912,22,2
0.0074,0.0885,-26.8577,132.14,160.013,0.9366,-0.0486,0.3471,23,2
0.0073,0.0601,-26.7748,132.135,160.044,0.7375,-0.0185,0.6751,23,2
0.0045,0.1226,-26.7269,132.132,160.081,0.6841,-0.0535,0.7274,23,2
0.0044,0.0691,-26.6433,132.125,160.17,0.6712,-0.0156,0.7411,23,2
0.0052,0.0742,-26.5924,132.122,160.218,0.5927,0.0633,0.803,23,2
0.0055,0.071,-26.549,132.128,160.278,0.5452,0.0451,0.8371,23,2
0.0043,0.1434,-26.5075,132.131,160.336,0.517,0.0372,0.8552,23,2
0.0027,0.0673,-26.4321,132.137,160.458,0.4762,0.0289,0.8788,23,2
0.0033,0.0957,-26.3999,132.139,160.517,0.4618,0.027,0.8866,23,2
0.0054,0.1421,-26.357,132.143,160.602,0.3695,0.0772,0.926,23,2
0.0036,0.0961,-26.7509,132.281,160.046,-0.7903,-0.0953,0.6052,24,2
0.0036,0.0813,-26.8269,132.272,160.105,-0.1049,0.5871,0.8027,24,2
0.0059,0.0832,-26.8417,132.321,160.168,-0.0836,0.5261,0.8463,24,2
0.006,0.0886,-26.8487,132.364,160.239,-0.0852,0.5384,0.8384,24,2
0.0032,0.0629,-26.8497,132.411,160.315,-0.1483,0.5396,0.8288,24,2
0.0055,0.0675,-26.8647,132.444,160.367,-0.1331,0.5382,0.8322,24,2
0.0037,0.0665,-26.8715,132.481,160.423,-0.0797,0.4888,0.8688,24,2
0.0035,0.1175,-26.8769,132.514,160.48,-0.0338,0.4671,0.8835,24,2
0.0039,0.0989,-26.7222,132.273,160.04,0.787,-0.5461,0.287,25,2
0.0038,0.0785,-26.6444,132.219,160.069,0.8497,-0.0001,0.5273,25,2
0.0035,0.0595,-26.5776,132.218,160.11,0.8484,0.058,0.5262,25,2
0.0033,0.133,-26.5259,132.221,160.14,0.7865,0.0219,0.6172,25,2
0.0027,0.151,-26.7786,132.266,160.029,-0.0422,0.5005,0.8647,26,2
0.0026,0.0552,-26.7838,132.342,160.159,-0.1211,0.433,0.8932,26,2
0.0025,0.0993,-26.7901,132.365,160.209,-0.1333,0.4961,0.858,26,2
0.0047,0.0769,-26.7256,132.343,160.067,-0.0121,0.4708,0.8822,27,2
0.0043,0.056,-26.7305,132.38,160.135,0.0402,0.4544,0.8899,27,2
0.0057,0.048,-26.7309,132.405,160.186,0.1897,0.4869,0.8526,27,2
0.007,0.0706,-26.7205,132.426,160.227,0.1075,0.4698,0.8762,27,2
0.0039,0.0631,-26.7217,132.462,160.289,0.1378,0.4448,0.8849,27,2
0.0039,0.0614,-26.7121,132.489,160.346,0.0955,0.4837,0.87,27,2
0.0059,0.0639,-26.7127,132.52,160.399,0.1186,0.4927,0.8621,27,2
0.0056,0.0761,-26.6947,132.549,160.455,0.0973,0.5323,0.8409,27,2
0.0051,0.0849,-26.6886,132.588,160.52,0.1189,0.5131,0.8501,27,2
0.004,0.057,-26.6717,132.63,160.592,0.0614,0.4634,0.884,27,2
0.0043,0.09,-26.6713,132.658,160.642,0.0853,0.3416,0.936,27,2
0.004,0.0683,-26.6611,132.689,160.727,-0.0058,0.3399,0.9405,27,2
0.0112,0.0213,-26.4304,132.58,160.367,0.5574,-0.1287,-0.8202,28,2
0.0112,0.0843,-26.4283,132.573,160.35,0.2018,-0.2421,0.949,28,2
0.0045,0.0642,-26.3983,132.537,160.421,0.3722,-0.2013,0.906,28,2
0.0051,0.1485,-26.3729,132.523,160.479,0.3161,-0.1819,0.9311,28,2
0.0036,0.0609,-26.5371,132.51,160.195,0.9592,0.0435,0.2795,29,2
0.0037,0.0965,-26.4775,132.514,160.208,0.9423,0.0127,0.3345,29,2
0.0037,0.2151,-26.3858,132.516,160.239,0.8912,0.0479,0.4511,29,2
0.004,0.3154,-26.5009,132.525,160.234,0.4369,-0.2807,0.8546,30,2
0.0053,0.0604,-26.3108,132.671,160.663,-0.2689,0.7009,0.6607,31,2
0.0053,0.0734,-26.3315,132.708,160.703,-0.2469,0.1967,0.9489,31,2
0.0046,0.1148,-26.354,132.725,160.77,-0.2357,0.3674,0.8997,31,2
0.0053,0.1507,-26.3808,132.771,160.873,-0.2094,0.2902,0.9338,31,2
0.0031,0.2204,-26.3495,132.643,160.565,-0.3557,-0.2252,0.9071,32,2
0.0037,0.0774,-26.3237,132.648,160.614,0.5624,-0.2052,0.801,33,2
0.0037,0.0982,-26.2802,132.632,160.676,0.4094,-0.2278,0.8835,33,2
0.0046,0.0525,-26.2345,132.609,160.76,0.4184,-0.1991,0.8861,33,2
0.0044,0.0504,-26.2192,132.6,160.81,0.4047,-0.2098,0.8901,33,2
0.0033,0.0587,-26.195,132.588,160.853,0.353,-0.2037,0.9132,33,2
0.0047,0.1287,-26.1759,132.576,160.908,0.4035,-0.1972,0.8935,33,2
0.0123,0.1188,-26.626,129.585,159.66,-0.5376,-0.7071,-0.4594,34,2
0.0123,0.0773,-26.6899,129.501,159.605,-0.5271,-0.8181,0.2299,34,2
0.0135,0.1189,-26.7323,129.438,159.621,-0.4857,-0.7019,0.521,34,2
0.017,0.1367,-26.8279,129.336,159.672,0.0055,-0.5017,0.865,34,2
0.0127,0.0624,-26.8457,129.261,159.781,-0.2294,-0.5478,0.8045,34,2
0.0105,0.0824,-26.8599,129.223,159.829,-0.1688,-0.5319,0.8298,34,2
0.0082,0.0647,-26.871,129.177,159.896,-0.1454,-0.3993,0.9052,34,2
0.0094,0.0699,-26.8767,129.152,159.957,-0.2835,-0.3887,0.8767,34,2
0.011,0.0653,-26.8951,129.131,160.022,-0.5883,-0.3698,0.7191,34,2
0.0091,0.0847,-26.926,129.092,160.073,-0.7293,-0.2179,0.6486,34,2
0.0074,0.1036,-26.9936,129.072,160.123,-0.5566,-0.1412,0.8187,34,2
0.0071,0.0564,-27.051,129.057,160.208,-0.5516,-0.1208,0.8253,34,2
0.0106,0.1222,-27.0871,129.058,160.253,-0.5029,-0.0915,0.8595,34,2
0.0073,0.1072,-27.1485,129.041,160.357,-0.4339,-0.0824,0.8972,34,2
0.006,0.0723,-27.1926,129.027,160.455,-0.4587,-0.011,0.8885,34,2
0.005,0.1271,-27.229,129.023,160.518,-0.3141,0.0275,0.949,34,2
0.004,0.068,-27.2685,129.024,160.639,-0.269,-0.0017,0.9631,34,2
0.0053,0.0604,-27.2887,129.025,160.704,-0.1651,-0.0033,0.9863,34,2
0.0098,0.0527,-27.3101,129.017,160.765,0.0347,0.1429,0.9891,34,2
0.0044,0.0708,-27.3097,129.036,160.815,-0.2074,0.1267,0.97,34,2
0.0044,0.1264,-27.3259,129.046,160.883,-0.1111,0.1223,0.9862,34,2
0.0073,0.0833,-27.348,129.056,161.009,-0.0838,0.2273,0.9702,34,2
0.0137,0.1216,-26.3958,129.469,159.656,0.2271,-0.8511,0.4733,35,2
0.012,0.0839,-26.3675,129.363,159.711,0.1044,-0.7532,0.6495,35,2
0.0105,0.096,-26.3603,129.3,159.766,0.1324,-0.7851,0.605,35,2
0.0153,0.0597,-26.3483,129.239,159.837,0.2713,-0.621,0.7353,35,2
0.0182,0.0768,-26.3353,129.171,159.867,0.3085,-0.3952,0.8652,35,2
0.0101,0.0557,-26.3046,129.149,159.936,0.3942,-0.5009,0.7705,35,2
0.0097,0.0855,-26.2809,129.122,159.978,0.3965,-0.4856,0.7791,35,2
0.0093,0.0849,-26.2459,129.079,160.044,0.3248,-0.4795,0.8152,35,2
0.0094,0.1386,-26.2069,129.036,160.119,-0.4603,-0.4732,0.7511,35,2
0.0162,0.3268,-26.2461,128.957,160.232,-0.4467,-0.2636,0.8549,35,2
0.0145,0.1125,-26.3698,128.861,160.516,-0.3369,-0.2493,0.9079,35,2
0.0025,0.1364,-26.3876,128.828,160.619,-0.0526,-0.1336,0.9896,35,2
0.0042,0.3775,-26.3604,129.431,159.622,0.3075,-0.4417,-0.8428,36,2
0.0076,0.2184,-26.1813,129.421,159.708,0.7823,0.6118,-0.1169,37,2
0.0129,0.1257,-26.1205,129.382,159.739,0.3025,0.5859,0.7518,38,2
0.0173,0.1266,-26.081,129.448,159.851,0.0085,0.91,0.4145,38,2
0.0101,0.0859,-26.1543,129.557,159.911,0.036,0.5559,0.8305,38,2
0.01,0.0665,-26.15,129.606,159.982,-0.0636,0.5198,0.8519,38,2
0.0119,0.1632,-26.1522,129.637,160.032,0.9596,0.2404,0.1461,38,2
0.0208,0.0906,-26.0008,129.665,160.064,0.2776,0.5004,0.8201,38,2
0.0119,0.0869,-25.9707,129.719,160.133,0.2034,0.4324,0.8785,38,2
0.012,0.0575,-25.9527,129.757,160.209,0.179,0.3421,0.9225,38,2
0.0128,0.1095,-25.942,129.777,160.262,0.1348,0.3302,0.9342,38,2
0.0124,0.1074,-25.9266,129.813,160.364,0.1102,0.2937,0.9495,38,2
0.012,0.0873,-25.9141,129.846,160.466,0.1232,0.2269,0.9661,38,2
0.011,0.0682,-25.9021,129.867,160.55,0.1096,0.1928,0.9751,38,2
0.0126,0.0663,-25.8967,129.879,160.617,0.1194,0.1859,0.9753,38,2
0.0082,0.0488,-25.8842,129.895,160.68,0.2238,0.1821,0.9575,38,2
0.0078,0.061,-25.8697,129.901,160.727,0.015,0.2851,0.9584,38,2
0.011,0.0674,-25.8723,129.923,160.786,0.1874,0.1485,0.971,38,2
0.0075,0.1684,-25.8688,129.928,160.853,0.1492,0.1007,0.9837,38,2
0.007,0.0728,-25.8494,129.946,161.019,0.1311,0.0983,0.9865,38,2
0.0067,0.0698,-25.8398,129.953,161.091,0.079,0.0855,0.9932,38,2
0.0127,0.2482,-25.8223,129.967,161.158,0.1025,0.0846,0.9911,38,2
0.0099,0.0643,-25.821,129.981,161.408,0.1244,0.0633,0.9902,38,2
0.0137,0.0924,-25.8005,129.979,161.48,-0.3277,0.4009,0.8555,38,2
0.0051,0.0891,-25.8477,130.028,161.548,-0.4016,0.1939,0.895,38,2
0.0087,0.1107,-25.7826,129.242,159.724,0.3754,-0.0945,0.9221,39,2
0.0118,0.295,-25.7508,129.202,159.822,0.8767,-0.3356,0.3446,39,2
0.0111,0.0409,-25.5105,129.076,159.921,0.7944,-0.5662,0.22,39,2
0.0114,0.1053,-25.4755,129.045,159.918,0.7512,-0.4587,0.4746,39,2
0.0064,0.1123,-25.3895,129.002,159.963,0.7208,-0.3635,0.5901,39,2
0.0062,0.0619,-25.3066,128.962,160.028,0.5912,-0.373,0.7151,39,2
0.0054,0.0878,-25.2627,128.944,160.07,0.477,-0.4265,0.7684,39,2
0.0044,0.1541,-25.2204,128.905,160.137,0.5335,-0.2943,0.793,39,2
0.006,0.1249,-25.1421,128.853,160.26,0.4733,-0.255,0.8432,39,2
0.0049,0.0608,-25.0805,128.822,160.364,0.4076,-0.3019,0.8618,39,2
0.0041,0.0892,-25.0587,128.8,160.417,0.4007,-0.1738,0.8995,39,2
0.0113,0.0612,-25.0169,128.788,160.496,0.2591,-0.0272,0.9655,39,2
0.0039,0.0851,-25.0047,128.77,160.554,0.3235,-0.1142,0.9393,39,2
0.0035,0.0743,-24.977,128.76,160.634,0.3066,-0.1229,0.9439,39,2
0.0034,0.0717,-24.955,128.752,160.705,0.2376,-0.2175,0.9467,39,2
0.0052,0.0984,-24.9434,128.733,160.773,0.2612,-0.171,0.95,39,2
0.0175,0.0347,-25.1592,129.741,160.336,-0.1616,-0.4108,0.8973,40,2
0.0175,0.0779,-25.1737,129.734,160.364,-0.1531,0.2667,0.9515,40,2
0.0175,0.058,-25.1822,129.763,160.435,0.2509,0.2637,0.9314,40,2
0.0175,0.0983,-25.1717,129.775,160.491,0.2444,0.2481,0.9374,40,2
0.0175,0.1722,-25.143,129.802,160.581,0.2441,0.1365,0.9601,40,2
0.0175,0.1417,-25.104,129.825,160.747,0.1938,0.15,0.9695,40,2
0.0175,0.0658,-25.0591,129.848,160.881,0.1922,0.1131,0.9748,40,2
0.0175,0.1395,-25.0592,129.855,160.948,0.1952,0.133,0.9717,40,2
0.0175,0.0612,-25.0272,129.874,161.083,0.1353,0.1021,0.9855,40,2
0.0175,0.0626,-25.0279,129.877,161.144,0.0193,0.1592,0.9871,40,2
0.0175,0.3176,-25.0323,129.888,161.206,0.1798,0.0887,0.9797,40,2
0.0175,0.0278,-24.9677,129.918,161.515,0.2588,0.1018,0.9606,40,2
0.0175,0.0659,-24.9621,129.922,161.542,0.1386,0.1118,0.984,40,2
0.0175,0.0908,-24.9644,129.933,161.608,0.1042,0.0512,0.9932,40,2
0.0201,0.067,-25.7396,129.242,159.72,0.9902,-0.1323,-0.0458,41,2
0.0212,0.0817,-25.6627,129.243,159.71,0.7082,-0.3123,0.6332,41,2
0.0191,0.0611,-25.5931,129.21,159.753,0.515,-0.1797,0.8382,41,2
0.0184,0.2329,-25.5237,129.201,159.794,0.242,0.3107,0.9192,41,2
0.0118,0.1005,-25.449,129.271,160.002,0.3227,0.2099,0.923,41,2
0.0116,0.119,-25.4153,129.293,160.094,0.3274,0.0966,0.9399,41,2
0.0185,0.05,-25.35,129.302,160.202,0.1366,-0.1558,0.9783,41,2
0.0111,0.0979,-25.3605,129.309,160.254,0.2496,0.0552,0.9668,41,2
0.0155,0.0609,-25.3418,129.312,160.35,0.242,0.0387,0.9695,41,2
0.012,0.0837,-25.3233,129.318,160.408,0.212,0.0336,0.9767,41,2
0.0103,0.0519,-25.3038,129.322,160.49,0.2162,0.0116,0.9763,41,2
0.0098,0.0591,-25.282,129.331,160.539,0.1561,-0.033,0.9872,41,2
0.0095,0.0695,-25.2778,129.324,160.599,0.2323,0.0006,0.9726,41,2
0.0122,0.0526,-25.2665,129.323,160.667,0.1793,0.0046,0.9838,41,2
0.0088,0.0599,-25.2413,129.329,160.718,0.0392,0.0312,0.9987,41,2
0.0086,0.0484,-25.2463,129.328,160.779,0.1605,0.0223,0.9868,41,2
0.0081,0.0571,-25.2365,129.331,160.827,0.1408,0.0268,0.9897,41,2
0.0048,0.0888,-25.2272,129.333,160.883,0.1712,0.0521,0.9838,41,2
0.01,0.1343,-25.2193,129.331,160.971,0.146,-0.0208,0.9891,41,2
0.0094,0.0821,-25.2018,129.329,161.104,0.0639,0.0372,0.9973,41,2
0.0068,0.0639,-25.1929,129.333,161.186,0.0809,0.0154,0.9966,41,2
0.0053,0.0746,-25.1861,129.333,161.249,0.0858,0.0149,0.9962,41,2
0.0118,0.1517,-25.1877,129.331,161.324,0.0835,0.0337,0.9959,41,2
0.0029,0.1475,-25.5739,129.459,159.841,-0.3155,0.4045,0.8584,42,2
0.0025,0.073,-25.5178,129.481,159.858,-0.058,0.0593,0.9966,43,2
0.0031,0.3396,-25.5175,129.484,159.932,-0.1193,0.0596,0.9911,43,2
0.0069,0.1733,-25.4113,129.568,159.92,0.9016,0.2875,0.3233,44,2
0.0055,0.0932,-25.4024,129.595,159.948,-0.1617,0.7445,0.6478,45,2
0.0052,0.1017,-25.4201,129.667,160.005,-0.0935,0.6399,0.7628,45,2
0.0053,0.0424,-25.4294,129.732,160.083,-0.1152,0.6682,0.735,45,2
0.0046,0.0888,-25.4299,129.764,160.112,-0.0826,0.5659,0.8204,45,2
0.0051,0.101,-25.4413,129.814,160.185,-0.0327,0.5632,0.8257,45,2
0.0058,0.0829,-25.446,129.871,160.269,-0.0236,0.5501,0.8348,45,2
0.0052,0.0809,-25.4473,129.917,160.337,-0.0252,0.5064,0.862,45,2
0.0032,0.0936,-25.4467,129.96,160.406,0.0015,0.4965,0.868,45,2
0.0044,0.0644,-25.4434,130.008,160.487,-0.0429,0.457,0.8884,45,2
0.0037,0.1466,-25.4467,130.038,160.544,0.0029,0.3826,0.9239,45,2
0.0074,0.0688,-25.2805,129.686,160.179,-0.1395,-0.2991,0.944,46,2
0.0074,0.0978,-25.2978,129.661,160.242,-0.0838,-0.2525,0.964,46,2
0.0108,0.1039,-25.3103,129.632,160.335,-0.0559,-0.2705,0.9611,46,2
0.0097,0.1536,-25.2983,129.61,160.437,-0.0229,-0.2421,0.97,46,2
0.0085,0.1012,-25.3079,129.569,160.584,-0.1305,-0.2102,0.9689,46,2
0.0028,0.2451,-25.236,129.734,160.25,0.2087,0.8869,0.4121,47,2
0.0237,0.1321,-27.2553,128.588,159.536,-0.8912,0.1866,0.4135,48,2
0.0236,0.1043,-27.3546,128.619,159.594,-0.2995,0.5228,0.7981,48,2
0.0207,0.0686,-27.4219,128.717,159.665,-0.2638,0.0471,0.9634,48,2
0.0197,0.1148,-27.4322,128.722,159.734,-0.3322,-0.125,0.9349,48,2
0.0128,0.0778,-27.4663,128.697,159.842,-0.2226,-0.057,0.9733,48,2
0.0125,0.0817,-27.4819,128.693,159.918,-0.1954,-0.0306,0.9802,48,2
0.012,0.079,-27.4974,128.686,159.998,-0.1896,-0.0065,0.9818,48,2
0.0113,0.1273,-27.5125,128.684,160.076,-0.1626,0.0405,0.9859,48,2
0.0106,0.0671,-27.5327,128.689,160.201,-0.1487,0.033,0.9883,48,2
0.0101,0.1005,-27.5449,128.694,160.267,-0.1392,0.0459,0.9892,48,2
0.0192,0.1145,-27.5508,128.672,160.369,-0.0371,0.0758,0.9964,48,2
0.0079,0.0648,-27.567,128.696,160.483,-0.0221,-0.0213,0.9995,48,2
0.0154,0.1212,-27.5759,128.682,160.548,-0.1443,0.0982,0.9847,48,2
0.0132,0.0628,-27.596,128.702,160.667,-0.0863,-0.0027,0.9963,48,2
0.0032,0.092,-27.5881,128.711,160.729,-0.0382,0.0947,0.9948,48,2
0.01,0.057,-27.2123,128.531,159.543,-0.1447,-0.9723,-0.1834,49,2
0.0098,0.1551,-27.2379,128.47,159.544,-0.1004,-0.8417,-0.5305,49,2
0.0101,0.1832,-27.2575,128.34,159.462,-0.0211,-0.6832,-0.7299,49,2
0.02,0.3132,-27.2425,128.501,159.652,-0.7151,-0.6718,-0.1932,50,2
0.0192,0.0799,-27.4654,128.289,159.593,-0.7334,-0.6598,-0.1636,50,2
0.0185,0.081,-27.5217,128.233,159.58,-0.7881,-0.6006,-0.1344,50,2
0.0223,0.0704,-27.5903,128.191,159.568,-0.7771,-0.6244,-0.0791,50,2
0.0184,0.1222,-27.643,128.145,159.562,-0.6725,-0.7359,-0.0786,50,2
0.0262,0.2047,-27.7147,128.023,159.566,-0.9034,-0.1277,0.4094,50,2
0.0195,0.0668,-27.9586,127.909,159.628,-0.4755,0.1002,0.874,50,2
0.0123,0.113,-27.9826,128.006,159.666,-0.6198,0.2164,0.7543,50,2
0.0116,0.103,-28.0453,128.03,159.758,-0.6319,0.092,0.7696,50,2
0.0133,0.0584,-28.1184,128.048,159.831,-0.5267,0.0892,0.8453,50,2
0.0105,0.0684,-28.1476,128.05,159.882,-0.4668,0.0965,0.8791,50,2
0.01,0.0661,-28.1797,128.057,159.942,-0.4394,0.0876,0.894,50,2
0.0094,0.0736,-28.208,128.061,160.001,-0.421,0.099,0.9016,50,2
0.0088,0.0584,-28.2376,128.065,160.068,-0.4594,-0.0311,0.8877,50,2
0.017,0.2015,-28.2448,128.042,160.132,-0.6963,-0.2774,0.662,50,2
0.0087,0.0842,-28.4032,128.009,160.258,-0.5874,-0.2149,0.7802,50,2
0.0052,0.0547,-28.4603,127.992,160.319,-0.5064,-0.1684,0.8457,50,2
0.0049,0.0671,-28.487,127.981,160.366,-0.5213,-0.1303,0.8434,50,2
0.0051,0.0925,-28.5237,127.97,160.421,-0.4623,-0.0231,0.8864,50,2
0.0036,0.0819,-28.5666,127.971,160.504,-0.3835,-0.0466,0.9224,50,2
0.0024,0.0821,-28.599,127.967,160.579,-0.3369,-0.0235,0.9413,50,2
0.0116,0.1229,-27.0779,128.427,159.723,0.8268,0.1065,-0.5523,51,2
0.0155,0.0463,-26.9753,128.436,159.643,0.8041,0.5837,-0.1129,51,2
0.0155,0.0853,-26.9111,128.453,159.643,0.1689,0.766,0.6202,51,2
0.0078,0.0761,-26.8806,128.523,159.688,0.2313,0.5058,0.831,51,2
0.0077,0.1157,-26.8584,128.563,159.75,0.1942,0.3262,0.9251,51,2
0.0099,0.0524,-26.8313,128.598,159.858,0.0695,0.3029,0.9505,51,2
0.0076,0.0839,-26.8273,128.621,159.906,0.1763,0.1955,0.9647,51,2
0.0074,0.1178,-26.8117,128.638,159.987,0.1487,0.1178,0.9818,51,2
0.0073,0.0545,-26.7931,128.654,160.102,0.1367,0.0584,0.9889,51,2
0.0093,0.0899,-26.7869,128.662,160.156,0.1066,0.0394,0.9935,51,2
0.0045,0.0995,-26.7744,128.657,160.245,0.0975,-0.0094,0.9952,51,2
0.0089,0.0617,-26.7667,128.667,160.344,0.0957,0.0148,0.9953,51,2
0.0145,0.0651,-26.7517,128.649,160.405,0.0233,-0.0147,0.9996,51,2
0.0043,0.0798,-26.7495,128.665,160.47,0.1835,-0.0186,0.9828,51,2
0.0087,0.0714,-26.7378,128.673,160.549,0.1572,-0.0393,0.9868,51,2
0.0062,0.106,-26.7246,128.665,160.619,0.1222,-0.0608,0.9906,51,2
0.0156,0.1437,-26.7185,128.643,160.725,0.264,-0.0571,0.9628,51,2
0.0099,0.0437,-26.705,128.643,160.871,-0.0415,-0.7903,0.6113,51,2
0.0092,0.0788,-26.685,128.593,160.896,-0.1991,-0.4236,0.8837,51,2
0.004,0.09,-26.6947,128.548,160.959,0.0309,-0.4788,0.8774,51,2
0.0148,0.0839,-27.0459,128.357,159.767,0.2464,-0.5202,-0.8177,52,2
0.01,0.138,-27.0225,128.306,159.703,0.1548,-0.4761,-0.8657,52,2
0.0097,0.0511,-26.999,128.238,159.584,0.0175,-0.1618,-0.9867,52,2
0.0167,0.2387,-27.0083,128.204,159.532,0.2398,-0.0548,-0.9693,52,2
0.0085,0.0633,-26.9727,128.179,159.301,0.2189,-0.3381,-0.9153,52,2
0.014,0.0627,-26.9474,128.161,159.242,0.1277,-0.503,-0.8548,52,2
0.0101,0.2447,-26.9357,128.145,159.178,0.2369,-0.602,-0.7625,52,2
0.0185,0.04,-26.8833,128.298,159.935,-0.0116,0.5745,0.8184,53,2
0.0183,0.0669,-26.8837,128.321,159.968,-0.6048,0.133,0.7852,53,2
0.0105,0.0498,-26.938,128.332,160.012,-0.4756,0.2941,0.829,53,2
0.0095,0.0853,-26.9661,128.353,160.049,-0.4354,0.1904,0.8799,53,2
0.009,0.2079,-27.014,128.369,160.122,-0.2461,0.1001,0.9641,53,2
0.004,0.1089,-26.8286,128.2,159.906,-0.7125,-0.6881,0.1376,54,2
0.004,0.1083,-26.9062,128.125,159.921,0.0776,0.0199,0.9968,54,2
0.0081,0.095,-26.8902,128.127,160.029,0.0455,0.1048,0.9934,54,2
0.0063,0.2032,-26.8832,128.138,160.123,0.0341,-0.0017,0.9994,54,2
0.004,0.045,-26.8693,128.142,160.326,-0.0029,0.0495,0.9988,54,2
0.0065,0.1493,-26.8674,128.14,160.371,0.0052,0.048,0.9988,54,2
0.0206,0.128,-26.7677,128.161,159.866,0.6903,-0.7131,-0.1225,55,2
0.0228,0.0348,-26.6764,128.064,159.846,0.5854,-0.3298,0.7406,55,2
0.0143,0.0908,-26.6321,128.043,159.857,0.5715,0.2725,0.7741,55,2
0.0137,0.1042,-26.5888,128.075,159.935,0.7416,0.1916,0.643,55,2
0.0188,0.0308,-26.4962,128.076,160.028,0.4287,0.8321,0.3519,55,2
0.016,0.319,-26.5079,128.117,160.033,0.4339,0.8288,0.3534,55,2
0.0079,0.0346,-26.3822,128.389,160.143,0.2885,0.7107,0.6416,55,2
0.0066,0.1003,-26.3721,128.417,160.162,0.2542,0.6492,0.7168,55,2
0.0049,0.0589,-26.3465,128.483,160.233,0.2229,0.5707,0.7904,55,2
0.0035,0.1378,-26.3336,128.519,160.278,0.2025,0.4914,0.8471,55,2
0.0167,0.0974,-28.241,129.88,159.214,0.0556,-0.9127,-0.4049,56,2
0.0167,0.2736,-28.2356,129.791,159.175,-0.2582,-0.3703,-0.8923,56,2
0.0059,0.1379,-28.324,129.928,159.264,-0.8359,0.4677,0.2872,57,2
0.0069,0.1446,-28.4411,129.994,159.299,-0.7916,0.4583,0.4042,57,2
0.0061,0.0802,-28.5556,130.061,159.357,-0.8245,0.3911,0.4089,57,2
0.0063,0.1053,-28.6284,130.089,159.382,-0.7597,0.4251,0.4922,57,2
0.0098,0.1619,-28.7084,130.139,159.43,-0.7399,0.4027,0.5389,57,2
0.007,0.2946,-28.8413,130.201,159.512,-0.4489,0.3406,0.8262,57,2
0.0059,0.0222,-28.972,130.301,159.756,-0.3704,0.3061,0.877,57,2
0.0044,0.0941,-28.9824,130.309,159.774,-0.3484,0.2518,0.9029,57,2
0.005,0.1791,-29.0208,130.336,159.857,-0.2454,0.2176,0.9447,57,2
0.0045,0.0892,-29.0659,130.376,160.025,-0.2288,0.1711,0.9583,57,2
0.0066,0.0171,-28.5641,129.851,159.379,-0.4538,0.6967,0.5556,58,2
0.0063,0.0263,-28.5719,129.862,159.388,-0.9155,-0.032,-0.4011,58,2
0.009,0.108,-28.6415,129.83,159.38,-0.2927,0.3614,-0.8853,58,2
0.0079,0.1125,-28.6886,129.876,159.289,-0.216,0.1829,-0.9591,58,2
0.0145,0.0758,-28.6701,129.668,159.486,0.9437,0.0009,-0.3308,59,2
0.0145,0.1124,-28.5985,129.668,159.461,0.8092,-0.0619,-0.5842,59,2
0.0056,0.0598,-28.5094,129.648,159.402,0.6814,-0.4216,-0.5983,59,2
0.0088,0.0511,-28.4691,129.623,159.366,0.6879,-0.2941,-0.6635,59,2
0.0072,0.0454,-28.4357,129.606,159.331,0.7893,-0.4503,-0.4174,59,2
0.0181,0.2232,-28.382,129.565,159.275,0.2918,-0.7642,0.5751,59,2
0.0084,0.0273,-28.3039,129.413,159.414,0.1542,-0.5526,0.819,59,2
0.0156,0.1068,-28.3061,129.379,159.429,0.0864,-0.3523,0.9319,59,2
0.0148,0.2077,-28.2586,129.35,159.538,-0.0827,-0.5255,0.8467,59,2
0.0076,0.0886,-28.261,129.245,159.714,0.0748,-0.4484,0.8907,59,2
0.0074,0.0498,-28.2557,129.207,159.794,0.0934,-0.2686,0.9587,59,2
0.0082,0.0742,-28.2521,129.196,159.843,0.0014,-0.3472,0.9378,59,2
0.0099,0.1177,-28.2543,129.168,159.912,0.0063,-0.2683,0.9633,59,2
0.0103,0.1246,-28.2542,129.138,160.025,0.0339,-0.2301,0.9726,59,2
0.007,0.0571,-28.2485,129.103,160.145,0.0546,-0.1966,0.979,59,2
0.0044,0.0837,-28.2433,129.089,160.201,0.0331,-0.228,0.9731,59,2
0.007,0.0801,-28.2385,129.066,160.282,-0.0239,-0.0708,0.9972,59,2
0.0096,0.1047,-28.235,129.049,160.359,0.0533,-0.1606,0.9856,59,2
0.0122,0.0895,-28.6345,129.701,159.448,-0.1508,-0.8243,0.5456,60,2
0.0122,0.0339,-28.648,129.627,159.497,-0.2385,-0.8732,0.425,60,2
0.0081,0.0669,-28.6545,129.592,159.505,-0.3045,-0.7395,0.6004,60,2
0.0069,0.0574,-28.6809,129.537,159.541,-0.0456,-0.6034,0.7962,60,2
0.0117,0.0726,-28.6713,129.501,159.588,-0.1008,-0.5191,0.8488,60,2
0.0074,0.0502,-28.6854,129.462,159.648,-0.0532,-0.5285,0.8473,60,2
0.0067,0.0881,-28.6899,129.437,159.691,-0.0412,-0.4192,0.907,60,2
0.0069,0.1011,-28.6926,129.389,159.768,-0.0225,-0.2913,0.9564,60,2
0.0074,0.1032,-28.6959,129.362,159.865,-0.0075,-0.4031,0.9151,60,2
0.0062,0.0755,-28.6976,129.317,159.959,0.0005,-0.2271,0.9739,60,2
0.007,0.1132,-28.6969,129.302,160.033,0.0193,-0.2496,0.9681,60,2
0.0056,0.1338,-28.6972,129.271,160.142,0.0541,-0.2353,0.9704,60,2
0.0068,0.0892,-28.6831,129.238,160.272,-0.0796,-0.1077,0.991,60,2
0.0053,0.0816,-28.6939,129.227,160.361,0.1324,-0.2072,0.9693,60,2
0.0053,0.0732,-28.6854,129.214,160.441,0.0993,-0.2465,0.9641,60,2
0.0045,0.0584,-28.6793,129.195,160.512,0.0298,-0.18,0.9832,60,2
0.0063,0.0742,-28.6725,129.182,160.569,-0.0058,-0.1091,0.994,60,2
0.01,0.0496,-28.6708,129.179,160.644,0.0066,-0.2882,0.9575,60,2
0.0039,0.0756,-28.6763,129.167,160.692,-0.0221,-0.1497,0.9885,60,2
0.0037,0.0512,-28.6785,129.152,160.767,-0.0397,-0.001,0.9992,60,2
0.0034,0.1078,-28.6777,129.148,160.817,-0.0184,-0.2095,0.9776,60,2
0.0198,0.0756,-28.6905,129.676,159.449,-0.1362,-0.6411,-0.7553,61,2
0.0164,0.0302,-28.7069,129.627,159.4,-0.7787,0.2423,-0.5787,61,2
0.0096,0.182,-28.7465,129.652,159.396,-0.6427,0.0004,-0.7661,61,2
0.0026,0.1002,-28.8696,129.643,159.26,-0.4399,-0.041,-0.8971,61,2
0.0149,0.1565,-28.7547,129.607,159.521,-0.0082,-0.7441,-0.668,62,2
0.0149,0.2644,-28.756,129.49,159.417,-0.0514,-0.7091,-0.7032,62,2
0.0183,0.0641,-28.7605,129.291,159.24,-0.6727,-0.7002,-0.239,62,2
0.0183,0.1223,-28.7992,129.237,159.196,-0.0616,-0.9554,0.2889,62,2
0.0175,0.2437,-28.7852,129.104,159.21,-0.0595,-0.8289,0.5562,62,2
0.0095,0.2534,-28.8124,128.891,159.335,-0.0815,-0.6254,0.776,62,2
0.0078,0.0943,-28.8305,128.732,159.531,-0.0502,-0.4702,0.8811,62,2
0.0065,0.1307,-28.8341,128.685,159.613,-0.0836,-0.3507,0.9328,62,2
0.0053,0.0415,-28.8441,128.637,159.735,-0.1131,-0.3198,0.9407,62,2
0.0118,0.156,-28.8377,128.628,159.777,-0.2336,-0.2668,0.935,62,2
0.0103,0.0982,-28.7613,129.65,159.574,-0.0835,0.2077,0.9746,63,2
0.0059,0.1276,-28.7779,129.697,159.673,-0.1322,-0.1409,0.9812,63,2
0.006,0.0873,-28.796,129.681,159.798,-0.0811,-0.173,0.9816,63,2
0.0057,0.0494,-28.8041,129.663,159.884,-0.0434,-0.0501,0.9978,63,2
0.0078,0.2533,-28.8026,129.658,159.933,0.0115,-0.113,0.9935,63,2
0.0084,0.0961,-28.7998,129.628,160.184,-0.0065,-0.0827,0.9966,63,2
0.0086,0.0806,-28.8529,129.61,159.602,-0.74,-0.1395,-0.658,64,2
0.0076,0.1511,-28.9129,129.6,159.549,-0.7782,-0.2526,-0.575,64,2
0.007,0.0862,-29.0368,129.554,159.47,-0.7048,-0.0872,-0.704,64,2
0.0105,0.0681,-29.1049,129.555,159.413,-0.62,-0.1521,-0.7697,64,2
0.0106,0.0456,-29.1481,129.545,159.361,-0.5328,-0.1605,-0.8309,64,2
0.0086,0.0803,-29.1763,129.536,159.326,-0.3988,-0.2685,-0.8769,64,2
0.0067,0.0787,-29.2113,129.513,159.257,-0.4001,-0.2417,-0.884,64,2
0.0102,0.0835,-29.2335,129.492,159.185,-0.3328,-0.1994,-0.9217,64,2
0.0123,0.144,-29.276,129.464,159.115,-0.2004,-0.3166,-0.9271,64,2
0.0113,0.0577,-28.8398,129.642,159.622,-0.3059,0.9409,0.1456,65,2
0.0113,0.0569,-28.8575,129.696,159.63,-0.0022,0.8876,0.4606,65,2
0.0138,0.1124,-28.8567,129.739,159.669,-0.0261,0.8475,0.5302,65,2
0.0144,0.1294,-28.882,129.866,159.718,0.1618,0.4126,0.8964,65,2
0.0164,0.1397,-28.8716,129.924,159.821,-0.4513,0.6918,0.5637,65,2
0.0132,0.0859,-28.9273,130.021,159.912,-0.7973,0.4105,0.4424,65,2
0.0078,0.1111,-29.0043,130.055,159.936,-0.7388,0.5487,0.3913,65,2
0.0073,0.0871,-29.0871,130.117,159.977,-0.7129,0.5203,0.4702,65,2
0.0079,0.076,-29.15,130.165,160.015,-0.6426,0.4857,0.5927,65,2
0.0061,0.0727,-29.2039,130.201,160.056,-0.5815,0.4652,0.6674,65,2
0.0054,0.0684,-29.2495,130.234,160.103,-0.4696,0.4299,0.7712,65,2
0.0084,0.1587,-29.2789,130.267,160.156,-0.3644,0.3827,0.849,65,2
0.0028,0.1488,-29.3428,130.323,160.29,-0.2649,0.3379,0.9031,65,2
0.0259,0.1273,-28.8438,129.599,159.652,-0.0514,-0.9155,0.3991,66,2
0.0259,0.0845,-28.8495,129.481,159.679,-0.5188,-0.8525,0.0641,66,2
0.0066,0.1531,-28.9213,129.421,159.691,-0.4447,-0.8597,-0.2513,66,2
0.0259,0.122,-28.9752,129.275,159.67,-0.3614,-0.8322,-0.4206,66,2
0.0078,0.1142,-28.9535,129.651,159.771,-0.431,0.4514,0.7813,67,2
0.0076,0.0867,-29.0027,129.702,159.86,-0.3293,0.2888,0.899,67,2
0.0062,0.1154,-29.0272,129.72,159.943,-0.3889,0.376,0.8411,67,2
0.0048,0.0873,-29.0782,129.761,160.039,-0.3364,0.415,0.8453,67,2
0.0045,0.2021,-29.1087,129.796,160.113,-0.3406,0.4387,0.8316,67,2
0.016,0.1916,-29.2238,129.535,159.904,-0.686,0.7244,0.0679,68,2
0.0159,0.0661,-29.3258,129.648,159.937,-0.0533,0.5811,0.8121,68,2
0.0156,0.0869,-29.3218,129.703,159.98,-0.0064,0.5828,0.8126,68,2
0.0138,0.0806,-29.294,129.759,160.046,0.004,0.6161,0.7876,68,2
0.0135,0.0794,-29.2943,129.81,160.108,0.004,0.5587,0.8294,68,2
0.0128,0.0567,-29.2954,129.854,160.174,0.0138,0.5228,0.8524,68,2
0.0108,0.1187,-29.3006,129.886,160.221,-0.117,0.3749,0.9197,68,2
0.0148,0.1228,-29.3206,129.958,160.33,0.102,0.0353,0.9942,68,2
0.0148,0.262,-29.2895,129.983,160.447,-0.1545,0.3627,0.919,68,2
0.0145,0.0583,-29.3224,130.077,160.689,-0.0953,0.3994,0.9118,68,2
0.0135,0.114,-29.3054,130.101,160.743,-0.0473,0.3176,0.947,68,2
0.0099,0.0762,-29.3154,130.135,160.851,-0.0535,0.236,0.9703,68,2
0.0102,0.0787,-29.3193,130.153,160.925,-0.0413,0.2586,0.9651,68,2
0.0041,0.1391,-29.33,130.174,161.001,-0.0579,0.1973,0.9786,68,2
0.0059,0.1058,-29.3317,130.202,161.137,-0.0892,0.1485,0.9849,68,2
0.0094,0.0636,-29.3419,130.23,161.24,-0.3257,0.0739,0.9426,68,2
0.0103,0.0567,-29.3515,130.223,161.308,-0.388,0.221,0.8948,68,2
0.0042,0.1105,-29.3882,130.224,161.354,-0.3766,0.0826,0.9227,68,2
0.0043,0.0904,-29.2981,129.426,159.88,-0.9928,0.114,-0.0374,69,2
0.0025,0.0262,-29.4371,129.346,159.712,-0.3568,-0.7713,0.5271,69,2
0.0028,0.2307,-29.6489,129.303,159.779,-0.2263,-0.2067,-0.9519,69,2
0.0026,0.0809,-29.4826,129.219,160.031,-0.9807,-0.1378,0.1386,70,2
0.0031,0.1544,-29.563,129.212,160.041,-0.9702,-0.1832,0.1585,70,2
0.0032,0.0345,-29.7131,129.184,160.064,-0.9632,-0.1417,0.2284,70,2
0.0039,0.1483,-29.7488,129.179,160.065,-0.9358,-0.1435,0.3222,70,2
0.0042,0.1279,-29.8898,129.162,160.11,-0.8823,-0.1892,0.4311,70,2
0.0036,0.1835,-29.5159,129.167,160.097,-0.7378,0.0872,0.6694,71,2
0.0027,0.0623,-29.6522,129.183,160.219,-0.7694,0.0512,0.6367,71,2
0.003,0.0592,-29.6995,129.186,160.259,-0.721,0.0516,0.691,71,2
0.0029,0.0553,-29.7434,129.189,160.299,-0.6777,0.0372,0.7344,71,2
0.0034,0.1078,-29.784,129.192,160.337,-0.5803,0.0203,0.8141,71,2
0.0037,0.1097,-29.6526,129.037,160.38,-0.6373,0.1413,0.7576,72,2
0.0046,0.0573,-29.7206,129.054,160.465,-0.6562,0.0915,0.7491,72,2
0.0043,0.0464,-29.7578,129.058,160.508,-0.6807,0.1334,0.7203,72,2
0.0037,0.0484,-29.7899,129.065,160.541,-0.5716,0.0895,0.8156,72,2
0.0054,0.0906,-29.8152,129.072,160.582,-0.5595,0.0718,0.8257,72,2
0.0055,0.0492,-29.8664,129.078,160.657,-0.4969,0.1408,0.8563,72,2
0.0036,0.0555,-29.8933,129.087,160.697,-0.5019,0.0828,0.861,72,2
0.0037,0.0427,-29.9228,129.09,160.744,-0.4269,0.1659,0.8889,72,2
0.0028,0.069,-29.944,129.099,160.781,-0.4153,0.1297,0.9004,72,2
0.0035,0.1126,-29.9722,129.108,160.843,-0.458,0.1139,0.8816,72,2
0.0034,0.1419,-29.6954,128.955,160.564,0.3539,-0.4398,0.8254,73,2
0.0051,0.0871,-29.637,128.894,160.678,0.3506,-0.3876,0.8526,73,2
0.0051,0.0488,-29.6079,128.858,160.752,0.3299,-0.3158,0.8896,73,2
0.0031,0.0823,-29.5958,128.842,160.796,0.3035,-0.3016,0.9038,73,2
0.0031,0.1131,-29.5697,128.816,160.87,0.2617,-0.25,0.9322,73,2
0.0028,0.0783,-29.6787,128.975,160.502,-0.1169,-0.8118,0.5721,74,2
0.0028,0.0576,-29.6878,128.911,160.547,-0.0517,-0.8009,0.5966,74,2
0.0028,0.0781,-29.6909,128.865,160.581,-0.0439,-0.7831,0.6203,74,2
0.003,0.0655,-29.6945,128.803,160.628,-0.0608,-0.7267,0.6842,74,2
0.0028,0.1303,-29.6994,128.753,160.671,-0.0329,-0.6219,0.7824,74,2
0.0033,0.0738,-29.712,128.953,160.596,-0.5087,0.4283,0.7468,75,2
0.0033,0.0453,-29.7504,128.985,160.65,-0.4987,0.3693,0.7842,75,2
0.0033,0.0745,-29.7744,129.003,160.685,-0.4225,0.3167,0.8492,75,2
0.0033,0.0514,-29.8072,129.027,160.747,-0.3468,0.2794,0.8954,75,2
0.0033,0.1024,-29.826,129.042,160.793,-0.2926,0.2555,0.9214,75,2
0.0037,0.1772,-29.7884,128.856,160.981,-0.1394,-0.1992,0.97,76,2
0.0182,0.1024,-26.8386,129.881,159.411,0.7033,0.6756,-0.221,77,2
0.0182,0.039,-26.7666,129.951,159.388,0.7006,-0.0566,-0.7113,77,2
0.0201,0.0982,-26.7192,129.947,159.38,0.6132,-0.4141,-0.6727,77,2
0.0181,0.2174,-26.6467,129.932,159.29,0.4613,-0.7235,-0.5136,77,2
0.0076,0.0678,-26.7923,129.803,159.547,-0.0165,-0.1272,0.9917,78,2
0.0051,0.1317,-26.7818,129.796,159.616,-0.109,-0.1105,0.9879,78,2
0.0064,0.0998,-26.7993,129.782,159.746,-0.125,-0.1221,0.9846,78,2
0.0047,0.0527,-26.8101,129.771,159.844,-0.1567,-0.0713,0.9851,78,2
0.0056,0.0599,-26.8193,129.767,159.896,-0.1637,-0.073,0.9838,78,2
0.0053,0.0914,-26.8284,129.763,159.955,-0.1731,-0.0712,0.9823,78,2
0.0058,0.1117,-26.8459,129.756,160.044,-0.2302,-0.0887,0.9691,78,2
0.0021,0.1105,-26.8651,129.75,160.155,-0.2966,-0.0274,0.9546,78,2
0.0074,0.0986,-26.8529,129.857,159.587,-0.1573,0.8249,0.543,79,2
0.0069,0.014,-26.8684,129.939,159.641,-0.1678,0.5447,0.8217,79,2
0.012,0.1676,-26.8975,129.991,159.732,0.4556,0.8347,-0.3093,79,2
0.012,0.1805,-26.8143,130.109,159.68,0.1939,0.104,-0.9755,79,2
0.0021,0.1566,-26.9909,129.886,159.732,-0.0617,-0.2403,0.9687,80,2
0.0022,0.0753,-27.0031,129.848,159.883,-0.0504,-0.2187,0.9745,80,2
0.0025,0.1557,-27.0043,129.831,159.957,-0.0841,-0.2028,0.9756,80,2
0.0023,0.2594,-27.0808,129.886,159.857,-0.7484,-0.4488,0.4882,81,2
0.0017,0.2473,-27.1514,129.895,160.028,-0.7335,0.3388,0.5892,82,2
0.0022,0.114,-27.1508,129.887,160.054,0.2984,-0.0445,0.9534,83,2
0.0026,0.1282,-27.1147,129.883,160.162,0.269,-0.0709,0.9605,83,2
0.0029,0.0787,-27.0777,129.876,160.285,0.2212,-0.1091,0.9691,83,2
0.0031,0.0752,-27.0575,129.867,160.36,0.221,-0.1237,0.9674,83,2
0.0032,0.1886,-27.0422,129.857,160.433,0.264,-0.0612,0.9626,83,2
0.005,0.1336,-27.2805,129.816,160.834,-0.1513,-0.5882,0.7944,84,2
0.005,0.09,-27.2971,129.754,160.947,0.1566,-0.4175,0.8951,84,2
0.005,0.0754,-27.2953,129.694,161.019,-0.1854,-0.2733,0.9439,84,2
0.0034,0.1513,-27.3058,129.672,161.09,-0.1651,-0.2414,0.9563,84,2
0.0067,0.5768,-27.2678,129.827,160.664,0.6556,-0.7081,-0.2622,85,2
0.0067,0.1405,-27.3382,129.799,160.277,0.3697,-0.1329,-0.9196,85,2
0.0067,0.1797,-27.1388,129.579,160.181,0.6334,0.3511,-0.6896,85,2
0.0025,0.1989,-27.2246,129.688,159.881,0.6226,0.542,-0.5645,85,2
0.0032,0.1273,-27.2273,129.846,160.407,-0.046,-0.521,0.8523,86,2
0.0032,0.0665,-27.2331,129.78,160.515,-0.0208,-0.4158,0.9092,86,2
0.0039,0.0717,-27.237,129.751,160.575,0.0039,-0.3848,0.923,86,2
0.0037,0.0568,-27.2376,129.723,160.641,-0.0135,-0.3627,0.9318,86,2
0.0048,0.0669,-27.2432,129.702,160.694,0.0377,-0.3731,0.927,86,2
0.0056,0.1288,-27.2356,129.678,160.757,-0.0228,-0.3895,0.9207,86,2
0.0034,0.0651,-27.245,129.628,160.876,0.0604,-0.3382,0.9391,86,2
0.0041,0.0994,-27.2461,129.605,160.937,0.0509,-0.3479,0.9361,86,2
0.003,0.1631,-27.2383,129.571,161.03,-0.0045,-0.3477,0.9376,86,2
0.0044,0.2636,-27.2508,129.839,160.517,0.3337,-0.1597,0.9291,87,2
0.0061,0.1134,-27.1686,129.794,160.763,0.3254,-0.1364,0.9357,87,2
0.0057,0.0595,-27.1312,129.777,160.869,0.3155,-0.1257,0.9406,87,2
0.0056,0.0524,-27.1133,129.77,160.925,0.3117,-0.094,0.9455,87,2
0.0049,0.1043,-27.0956,129.763,160.974,0.2918,-0.0603,0.9546,87,2
0.0039,0.0679,-27.0648,129.758,161.074,0.298,-0.1639,0.9404,87,2
0.0025,0.0605,-27.3135,129.78,161.296,-0.8375,-0.4507,-0.309,88,2
0.0025,0.1263,-27.2705,129.789,161.248,0.4434,-0.6858,0.5771,88,2
0.0033,0.0487,-26.7565,130.057,159.871,-0.8606,-0.0457,-0.5073,89,2
0.0033,0.2431,-26.7628,130.025,159.857,-0.2603,0.031,0.965,89,2
0.005,0.109,-26.8032,130.043,160.093,-0.3557,0.7831,0.5101,89,2
0.0019,0.2274,-26.8043,130.311,160.084,0.2443,0.8849,0.3965,90,2
0.0035,0.0537,-26.9914,130.518,160.409,-0.7265,-0.2278,0.6483,91,2
0.004,0.09,-27.0359,130.504,160.439,-0.604,-0.2223,0.7653,91,2
0.0036,0.0953,-27.0929,130.483,160.506,-0.5693,-0.1781,0.8026,91,2
0.0043,0.1418,-27.1486,130.467,160.582,-0.4761,-0.1199,0.8712,91,2
0.0043,0.124,-26.818,130.282,160.098,-0.2459,0.0629,0.9672,92,2
0.0056,0.0676,-26.8454,130.29,160.219,-0.2878,-0.1133,0.951,92,2
0.0054,0.0564,-26.8745,130.285,160.281,-0.2482,-0.0686,0.9663,92,2
0.0034,0.1048,-26.8855,130.281,160.336,-0.2367,0.0175,0.9714,92,2
0.0032,0.0936,-26.9099,130.283,160.438,-0.2648,0.0324,0.9638,92,2
0.0033,0.0874,-26.9358,130.286,160.528,-0.2415,0.0052,0.9704,92,2
0.0081,0.0846,-26.812,130.381,160.167,0.0965,0.6256,0.7742,93,2
0.0082,0.125,-26.8038,130.436,160.231,0.123,0.5408,0.8321,93,2
0.0097,0.1058,-26.7938,130.503,160.336,0.0931,0.4032,0.9104,93,2
0.0046,0.0884,-26.7775,130.549,160.43,0.1696,0.3492,0.9216,93,2
0.0054,0.0487,-26.7659,130.58,160.512,0.2294,0.3181,0.9199,93,2
0.0048,0.0818,-26.7526,130.597,160.556,0.0447,0.264,0.9635,93,2
0.0042,0.1141,-26.7502,130.62,160.635,0.1846,0.2158,0.9588,93,2
0.0086,0.066,-26.7245,130.65,160.743,0.1127,0.1894,0.9754,93,2
0.0089,0.1553,-26.7157,130.662,160.807,0.1382,0.1411,0.9803,93,2
0.007,0.1809,-26.6943,130.682,160.96,0.0566,0.2254,0.9726,93,2
0.0048,0.0833,-26.6857,130.723,161.136,0.0428,0.1888,0.9811,93,2
0.0029,0.1325,-27.0116,130.535,160.477,-0.0327,-0.2901,0.9564,94,2
0.0047,0.1205,-27.0209,130.492,160.603,0.0053,-0.2176,0.976,94,2
0.0037,0.0745,-27.0202,130.465,160.721,-0.1004,-0.1309,0.9863,94,2
0.0047,0.0721,-27.0307,130.454,160.794,-0.0621,-0.0818,0.9947,94,2
0.004,0.1197,-27.034,130.447,160.865,-0.056,-0.0954,0.9939,94,2
0.0051,0.0637,-27.1044,130.653,160.945,0.5457,-0.193,0.8155,95,2
0.0051,0.0985,-27.0696,130.641,160.997,0.593,0.0434,0.8041,95,2
0.0032,0.0373,-27.1148,130.668,160.98,-0.2667,0.8426,0.4679,96,2
0.0032,0.1152,-27.128,130.7,160.993,-0.5239,0.6903,0.499,96,2
