radius (m),length (m),xy,y,z,axis_direction,,,branch,branch_order
0.0772,0.1588,-14.0691,143.88,158.77,0.1408,0.1015,0.9848,1,0
0.0615,0.2536,-14.0404,143.897,158.928,-0.1515,-0.262,0.9531,1,0
0.0456,0.0975,-14.0772,143.829,159.169,-0.2467,-0.2482,0.9368,1,0
0.0387,0.092,-14.1002,143.8,159.259,-0.3469,-0.3873,0.8542,1,0
0.0379,0.129,-14.1342,143.765,159.337,-0.2106,-0.3463,0.9142,1,0
0.0424,0.0617,-14.154,143.719,159.47,-0.8906,-0.0108,0.4546,1,0
0.0379,0.2054,-14.1954,143.667,159.491,-0.5552,-0.2468,0.7943,1,0
0.0402,0.2575,-14.294,143.618,159.642,0.5784,-0.5045,0.641,1,0
0.0284,0.4512,-14.1774,143.762,159.361,-0.6845,-0.3259,0.6522,2,1
0.028,0.0901,-14.4883,143.609,159.653,-0.6018,-0.1115,0.7908,2,1
0.0256,0.1051,-14.5494,143.599,159.721,-0.4266,-0.0161,0.9043,2,1
0.0279,0.0901,-14.5914,143.6,159.818,-0.5504,-0.0477,0.8335,2,1
0.0256,0.1416,-14.6348,143.594,159.902,-0.8393,0.0342,0.5427,2,1
0.0244,0.0801,-14.7598,143.601,159.976,-0.4878,0.0042,0.8729,2,1
0.0259,0.0687,-14.8017,143.602,160.044,-0.426,0.0982,0.8994,2,1
0.0215,0.0802,-14.8298,143.598,160.124,-0.7387,0.5412,0.4018,2,1
0.0177,0.0817,-14.8887,143.643,160.153,-0.8839,0.4339,0.1747,2,1
0.0167,0.0817,-14.9606,143.679,160.167,-0.915,0.3693,0.1625,2,1
0.0172,0.1425,-15.0358,143.711,160.176,-0.9126,0.3285,0.2434,2,1
0.0177,0.1584,-15.1688,143.758,160.205,-0.8459,0.3085,0.435,2,1
0.0202,0.0698,-15.3016,143.809,160.275,-0.716,0.3189,0.621,2,1
0.0177,0.0806,-15.3563,143.831,160.315,-0.472,0.1709,0.8649,2,1
0.0183,0.0847,-15.3931,143.845,160.385,-0.3479,0.0644,0.9353,2,1
0.0117,0.0566,-15.4283,143.846,160.46,-0.487,-0.2615,0.8334,2,1
0.0187,0.0895,-15.4504,143.845,160.528,-0.647,-0.5511,0.527,2,1
0.0143,0.1022,-15.5115,143.793,160.57,-0.6401,-0.505,0.579,2,1
0.0192,0.1176,-15.5722,143.739,160.632,-0.6329,-0.444,0.6343,2,1
0.0141,0.1158,-15.6545,143.686,160.701,-0.5059,-0.397,0.7658,2,1
0.0152,0.1148,-15.7133,143.638,160.789,-0.4316,-0.3542,0.8296,2,1
0.0135,0.1117,-15.7806,143.607,160.885,-0.1449,-0.3776,0.9146,2,1
0.0119,0.0547,-15.7981,143.566,160.987,-0.1281,-0.0664,0.9895,2,1
0.0083,0.0529,-15.8079,143.561,161.04,-0.2097,-0.1179,0.9706,2,1
0.0098,0.1776,-15.828,143.555,161.092,0.0212,0.0059,0.9998,2,1
0.009,0.0621,-15.8244,143.558,161.27,-0.0598,0.0193,0.998,2,1
0.0044,0.0803,-15.8344,143.554,161.331,-0.0396,0.0542,0.9977,2,1
0.008,0.0802,-15.8331,143.559,161.412,-0.0865,0.0005,0.9963,2,1
0.0075,0.0528,-15.8412,143.559,161.492,-0.0799,0.0802,0.9936,2,1
0.0071,0.0678,-15.8451,143.561,161.544,-0.1181,0.0976,0.9882,2,1
0.0072,0.0676,-15.8475,143.567,161.612,-0.1313,0.1293,0.9829,2,1
0.0079,0.1136,-15.8677,143.575,161.68,0.1455,0.1254,0.9814,2,1
0.0052,0.0565,-15.8536,143.586,161.792,-0.0233,0.0822,0.9963,2,1
0.0052,0.0722,-15.851,143.596,161.847,0.095,0.1047,0.99,2,1
0.0162,0.0539,-15.8636,143.602,161.921,0.1263,-0.0094,0.9919,2,1
0.0099,0.0737,-15.8338,143.612,161.972,0.0786,0.149,0.9857,2,1
0.0132,0.0762,-15.8268,143.63,162.042,0.0528,0.2469,0.9676,2,1
0.0457,0.1496,-14.0407,143.986,159.064,0.0453,0.5174,0.8545,3,1
0.0457,0.0967,-14.0339,144.064,159.192,0.05,0.5182,0.8538,3,1
0.0488,0.0886,-14.0312,144.112,159.276,0.1658,0.4774,0.8629,3,1
0.0481,0.0699,-14.0195,144.156,159.36,0.7658,0.6072,0.212,3,1
0.0377,0.124,-13.9654,144.197,159.386,0.7431,0.6674,0.0494,3,1
0.0372,0.1816,-13.8752,144.282,159.39,0.6873,0.6814,0.2516,3,1
0.0362,0.0693,-13.7486,144.406,159.434,0.5909,0.5668,0.5741,3,1
0.0368,0.0876,-13.7074,144.447,159.472,0.5683,0.5272,0.6318,3,1
0.0385,0.0782,-13.6539,144.493,159.525,0.4481,0.4959,0.7438,3,1
0.0344,0.109,-13.6186,144.535,159.582,0.3224,0.3593,0.8758,3,1
0.0259,0.1196,-13.5809,144.572,159.677,0.2442,0.227,0.9428,3,1
0.0266,0.0965,-13.5558,144.604,159.791,0.377,0.1024,0.9205,3,1
0.0281,0.0626,-13.5202,144.619,159.881,0.9701,0.0955,0.2232,3,1
0.0233,0.0812,-13.4599,144.625,159.898,0.9774,0.0845,0.194,3,1
0.0245,0.0882,-13.3788,144.625,159.913,0.9292,0.2526,0.2697,3,1
0.0233,0.0856,-13.2962,144.647,159.936,0.9145,0.3101,0.2598,3,1
0.0232,0.0712,-13.2175,144.673,159.957,0.9082,0.2932,0.2986,3,1
0.0228,0.0954,-13.1518,144.693,159.977,0.8808,0.2908,0.3737,3,1
0.0225,0.067,-13.0666,144.722,160.01,0.8039,0.243,0.5429,3,1
0.023,0.0595,-13.0129,144.739,160.046,0.7585,0.1967,0.6213,3,1
0.0227,0.0817,-12.9671,144.752,160.083,0.704,0.1634,0.6912,3,1
0.0235,0.0633,-12.9083,144.763,160.139,0.5764,0.1966,0.7932,3,1
0.0226,0.1107,-12.8616,144.773,160.184,0.4785,0.2031,0.8543,3,1
0.0204,0.1411,-12.8055,144.797,160.276,0.5412,0.1642,0.8247,3,1
0.0223,0.0886,-12.73,144.822,160.392,0.4971,0.1678,0.8513,3,1
0.0226,0.0725,-12.6881,144.838,160.469,0.3826,0.1011,0.9184,3,1
0.0282,0.0597,-12.6672,144.842,160.54,0.399,0.3507,0.8472,3,1
0.0285,0.1505,-12.6248,144.846,160.612,0.0816,0.812,0.5779,3,1
0.0156,0.0968,-12.6119,144.987,160.694,-0.0881,0.2616,0.9611,3,1
0.015,0.0633,-12.6182,145.008,160.788,-0.0499,0.3336,0.9414,3,1
0.0082,0.0753,-12.6393,145.025,160.852,0.1353,0.3071,0.942,3,1
0.0204,0.047,-12.6134,145.058,160.921,0.0395,0.1175,0.9923,3,1
0.0133,0.0535,-12.619,145.064,160.967,-0.0983,0.1351,0.9859,3,1
0.0128,0.0565,-12.6407,145.066,161.021,-0.0032,0.2159,0.9764,3,1
0.0121,0.0899,-12.6429,145.078,161.076,0.0071,0.2197,0.9755,3,1
0.0111,0.1076,-12.6402,145.099,161.163,0.0093,0.2151,0.9765,3,1
0.0099,0.1275,-12.6293,145.122,161.269,-0.0702,0.1987,0.9775,3,1
0.0121,0.0714,-12.6459,145.149,161.393,-0.0029,0.156,0.9877,3,1
0.006,0.0449,-12.6318,145.16,161.464,-0.0205,0.2397,0.9706,3,1
0.0077,0.0472,-12.6348,145.172,161.507,-0.1352,0.1405,0.9808,3,1
0.005,0.0825,-12.6346,145.178,161.554,-0.093,0.1934,0.9767,3,1
0.0091,0.0543,-12.6505,145.194,161.635,-0.0035,0.1881,0.9821,3,1
0.0056,0.0597,-12.6443,145.203,161.688,0.0653,0.1821,0.9811,3,1
0.005,0.0638,-12.6445,145.215,161.747,0.0456,0.1601,0.986,3,1
0.0079,0.2271,-12.6337,145.22,161.811,0.0299,0.2777,0.9602,3,1
0.0053,0.0876,-12.6317,145.281,162.03,0.0326,0.1341,0.9904,3,1
0.0072,0.0496,-12.616,145.291,162.116,0.0403,0.2729,0.9612,3,1
0.0087,0.0554,-12.6347,145.299,162.167,0.0722,0.2842,0.956,3,1
0.005,0.0604,-12.6226,145.32,162.218,0.1448,0.1834,0.9723,3,1
0.005,0.1217,-12.6123,145.33,162.277,0.0977,0.1878,0.9773,3,1
0.0254,0.2148,-14.1208,143.85,159.206,-0.5229,0.0716,0.8494,4,1
0.0253,0.1965,-14.2345,143.865,159.388,-0.434,0.0069,0.9009,4,1
0.0275,0.1416,-14.316,143.866,159.567,-0.5434,0.0862,0.835,4,1
0.0268,0.0981,-14.4064,143.876,159.681,-0.338,0.1895,0.9219,4,1
0.0265,0.1127,-14.4381,143.889,159.783,-0.1229,0.8831,0.4529,4,1
0.024,0.0937,-14.4571,143.987,159.843,0.0617,0.979,0.1941,4,1
0.0231,0.1449,-14.4491,144.088,159.851,0.0482,0.702,0.7105,4,1
0.0209,0.0829,-14.4402,144.191,159.954,0.0597,0.4363,0.8978,4,1
0.0211,0.1276,-14.4319,144.228,160.027,0.1125,0.2659,0.9574,4,1
0.0274,0.0996,-14.4155,144.249,160.158,0.4419,0.5387,0.7173,4,1
0.0262,0.3449,-14.3642,144.274,160.236,0.1813,0.2496,0.9512,4,1
0.0148,0.0845,-14.278,144.337,160.565,0.06,0.1017,0.993,4,1
0.0118,0.057,-14.274,144.346,160.648,0.1033,0.0523,0.9933,4,1
0.0138,0.1513,-14.2682,144.348,160.705,0.1028,0.0643,0.9926,4,1
0.0128,0.1787,-14.253,144.359,160.855,-0.0052,0.0321,0.9995,4,1
0.0116,0.1802,-14.2554,144.365,161.034,0.0405,0.0601,0.9974,4,1
0.0099,0.0893,-14.2477,144.374,161.214,0.0863,0.0188,0.9961,4,1
0.01,0.0775,-14.2394,144.375,161.303,0.0698,0.0474,0.9964,4,1
0.0094,0.0767,-14.2349,144.379,161.38,0.0728,0.0434,0.9964,4,1
0.0087,0.0771,-14.2347,144.379,161.456,-0.0129,0.0335,0.9994,4,1
0.0106,0.1726,-14.2293,144.395,161.534,0.1002,-0.0611,0.9931,4,1
0.0085,0.0566,-14.2129,144.385,161.705,0.0153,0.0425,0.999,4,1
0.0061,0.0649,-14.2135,144.39,161.761,-0.0872,0.0483,0.995,4,1
0.0094,0.1069,-14.21,144.397,161.825,0.0447,0.0387,0.9983,4,1
0.0176,0.05,-14.1925,144.404,161.933,-0.1812,0.3434,0.9215,4,1
0.0044,0.0489,-14.212,144.404,161.982,0.0734,0.1203,0.99,4,1
0.0036,0.0755,-14.2081,144.411,162.03,0.1124,0.106,0.988,4,1
0.0036,0.0773,-14.2029,144.418,162.106,0.1689,0.0786,0.9825,4,1
0.0056,0.0686,-14.1852,144.426,162.181,0.1105,0.0163,0.9937,4,1
0.0018,0.0904,-14.1868,144.425,162.25,0.1218,0.0002,0.9926,4,1
0.0307,0.2004,-14.1608,143.686,159.438,-0.1338,-0.9823,0.1314,5,1
0.0298,0.1251,-14.1845,143.489,159.465,-0.2036,-0.9465,0.2503,5,1
0.0262,0.1086,-14.2084,143.37,159.499,-0.5441,-0.835,-0.0818,5,1
0.023,0.1391,-14.2686,143.279,159.487,-0.5383,-0.825,0.1723,5,1
0.0214,0.1213,-14.3444,143.164,159.51,-0.4277,-0.7775,0.4611,5,1
0.0232,0.0882,-14.3971,143.062,159.558,-0.3584,-0.6303,0.6887,5,1
0.0198,0.0929,-14.43,143.004,159.616,-0.3666,-0.6378,0.6774,5,1
0.0185,0.0689,-14.4654,142.943,159.677,-0.3668,-0.6528,0.6629,5,1
0.0183,0.123,-14.4904,142.896,159.721,-0.3667,-0.6112,0.7014,5,1
0.0182,0.1283,-14.5367,142.822,159.807,-0.3487,-0.5754,0.7398,5,1
0.0183,0.0665,-14.5822,142.747,159.901,-0.2991,-0.5397,0.7869,5,1
0.0181,0.1404,-14.6054,142.708,159.95,-0.292,-0.4967,0.8173,5,1
0.0179,0.0635,-14.647,142.638,160.065,-0.2769,-0.5027,0.8189,5,1
0.0151,0.0662,-14.6632,142.605,160.117,-0.6115,-0.6056,0.5093,5,1
0.0174,0.066,-14.7007,142.565,160.175,-0.7421,-0.6634,0.0953,5,1
0.0159,0.0824,-14.7506,142.521,160.179,-0.6634,-0.7412,0.1029,5,1
0.016,0.0609,-14.8054,142.46,160.185,-0.6103,-0.7378,0.2884,5,1
0.015,0.1057,-14.8422,142.412,160.2,-0.6272,-0.6489,0.4307,5,1
0.0128,0.0848,-14.9102,142.343,160.243,-0.5559,-0.5434,0.629,5,1
0.013,0.0878,-14.9573,142.296,160.296,-0.4997,-0.4764,0.7234,5,1
0.0128,0.0681,-15.0015,142.249,160.358,-0.4176,-0.245,0.875,5,1
0.0127,0.071,-15.0305,142.227,160.413,-0.7705,-0.3576,0.5277,5,1
0.0189,0.0988,-15.0924,142.21,160.449,-0.638,-0.3892,0.6644,5,1
0.0127,0.0532,-15.1689,142.173,160.5,-0.678,-0.4314,0.5952,5,1
0.0083,0.0853,-15.2109,142.15,160.526,-0.6623,-0.3725,0.6501,5,1
0.0076,0.0828,-15.2667,142.118,160.582,-0.5886,-0.3774,0.7149,5,1
0.0069,0.0606,-15.3169,142.087,160.64,-0.5653,-0.3329,0.7547,5,1
0.0061,0.1024,-15.3526,142.068,160.685,-0.5784,-0.2715,0.7692,5,1
0.0063,0.0748,-15.4063,142.036,160.766,-0.5661,-0.2214,0.794,5,1
0.0063,0.0499,-15.4489,142.019,160.826,-0.5369,-0.1759,0.8251,5,1
0.0033,0.0771,-15.4833,142.01,160.863,-0.4787,-0.1968,0.8557,5,1
0.0039,0.1063,-15.5211,141.995,160.928,-0.4474,-0.2433,0.8606,5,1
0.0031,0.0506,-15.5688,141.968,161.019,-0.3241,-0.2162,0.921,5,1
0.0022,0.0484,-15.5886,141.957,161.065,-0.2752,-0.2039,0.9395,5,1
0.0026,0.0491,-15.6035,141.948,161.11,-0.2138,-0.1989,0.9564,5,1
0.0043,0.1227,-15.6133,141.932,161.156,-0.157,-0.0828,0.9841,5,1
0.0118,0.2299,-15.3949,143.855,160.378,-0.4183,0.2508,0.873,6,2
0.0048,0.0714,-15.5051,143.905,160.574,-0.3688,0.2152,0.9043,6,2
0.0067,0.0627,-15.5293,143.925,160.639,-0.358,0.1283,0.9249,6,2
0.0036,0.0689,-15.5577,143.929,160.695,-0.3172,0.1514,0.9362,6,2
0.004,0.1108,-15.5804,143.938,160.76,-0.283,0.1687,0.9442,6,2
0.0027,0.0846,-15.6149,143.954,160.864,-0.2898,0.1768,0.9406,6,2
0.003,0.0989,-15.6398,143.968,160.944,-0.3074,0.1966,0.931,6,2
0.0031,0.0884,-15.6706,143.989,161.036,-0.3219,0.1671,0.9319,6,2
0.0033,0.092,-15.702,144.003,161.117,-0.2831,0.1548,0.9465,6,2
0.0198,0.2914,-14.8403,143.579,160.125,-0.6032,-0.7354,0.3088,7,2
0.0175,0.1353,-15.0186,143.361,160.206,-0.5714,-0.6743,0.4677,7,2
0.0176,0.1587,-15.0961,143.269,160.27,-0.5296,-0.5296,0.6626,7,2
0.018,0.0647,-15.1773,143.185,160.378,-0.6833,-0.4649,0.5629,7,2
0.0175,0.075,-15.2246,143.157,160.412,-0.6741,-0.4379,0.5949,7,2
0.0142,0.063,-15.2748,143.123,160.456,-0.5337,-0.4933,0.6869,7,2
0.0151,0.0899,-15.3223,143.108,160.509,-0.2526,-0.642,0.7239,7,2
0.0117,0.0548,-15.3376,143.037,160.567,-0.0381,-0.4767,0.8782,7,2
0.0115,0.0576,-15.3382,143.014,160.617,-0.0164,-0.4439,0.8959,7,2
0.0167,0.1659,-15.3437,142.996,160.671,-0.0035,-0.283,0.9591,7,2
0.0107,0.112,-15.3461,142.94,160.827,-0.0519,-0.2724,0.9608,7,2
0.0102,0.1267,-15.3547,142.909,160.934,-0.0808,-0.1618,0.9835,7,2
0.0132,0.1345,-15.3597,142.89,161.06,-0.053,-0.1365,0.9892,7,2
0.0092,0.0908,-15.3724,142.87,161.192,-0.038,-0.0558,0.9977,7,2
0.0088,0.0589,-15.3765,142.864,161.283,-0.0236,-0.014,0.9996,7,2
0.0085,0.0708,-15.3781,142.863,161.342,-0.0226,0.0001,0.9997,7,2
0.0078,0.1944,-15.379,142.86,161.413,-0.0633,0.056,0.9964,7,2
0.0133,0.0692,-15.4046,142.856,161.607,0.0841,-0.0207,0.9962,7,2
0.0129,0.0703,-15.3889,142.888,161.681,-0.1691,-0.0884,0.9816,7,2
0.0094,0.1419,-15.3957,142.877,161.75,-0.0054,-0.0033,1,7,2
0.0025,0.4859,-14.9198,143.688,160.149,-0.5027,-0.0257,0.8641,8,2
0.0047,0.0852,-15.1254,143.871,160.538,-0.981,0.1942,0.0045,8,2
0.0035,0.2145,-15.2006,143.888,160.542,-0.4312,0.0807,0.8987,8,2
0.006,0.138,-15.1077,143.734,160.213,0.077,-0.2127,0.9741,9,2
0.008,0.0683,-15.1081,143.695,160.348,0.2978,-0.2565,0.9195,9,2
0.006,0.0705,-15.092,143.689,160.415,0.1467,-0.307,0.9403,9,2
0.004,0.1187,-15.0872,143.666,160.482,0.1932,-0.249,0.949,9,2
0.0043,0.073,-15.0638,143.638,160.595,0.2167,-0.2869,0.9331,9,2
0.0024,0.0693,-15.0514,143.616,160.664,0.2488,-0.3241,0.9127,9,2
0.0032,0.0689,-15.0335,143.594,160.727,0.244,-0.3349,0.9101,9,2
0.0032,0.0498,-15.0181,143.569,160.79,0.2704,-0.2952,0.9164,9,2
0.003,0.0559,-15.003,143.553,160.834,0.2712,-0.2639,0.9256,9,2
0.0045,0.1445,-14.9832,143.539,160.885,0.1879,-0.1775,0.966,9,2
0.0094,0.0551,-15.2359,143.8,160.237,0.4454,0.8003,-0.4015,10,2
0.0087,0.2109,-15.2113,143.844,160.214,0.1565,0.3816,-0.911,10,2
0.007,0.0781,-15.1616,143.917,160.007,-0.401,0.5533,-0.7301,10,2
0.0042,0.237,-15.3076,143.833,160.282,0.1254,0.7223,-0.6801,11,2
0.0087,0.1353,-15.3105,143.804,160.303,0.2415,-0.2824,0.9284,12,2
0.0079,0.0522,-15.2784,143.765,160.428,0.2914,-0.2748,0.9163,12,2
0.0069,0.0571,-15.2638,143.749,160.476,0.281,-0.2257,0.9328,12,2
0.0088,0.094,-15.2457,143.737,160.529,0.2952,-0.2086,0.9324,12,2
0.0095,0.0715,-15.2167,143.718,160.616,0.2754,-0.1665,0.9468,12,2
0.0096,0.1694,-15.1981,143.706,160.684,0.3056,-0.1435,0.9413,12,2
0.0063,0.1152,-15.151,143.678,160.845,0.2626,-0.1334,0.9556,12,2
0.0107,0.1199,-15.108,143.668,160.952,0.2508,-0.1126,0.9615,12,2
0.0063,0.1486,-15.0828,143.653,161.068,0.1571,-0.1298,0.979,12,2
0.0085,0.1197,-15.0655,143.631,161.215,0.2905,-0.0488,0.9556,12,2
0.0089,0.1131,-15.0297,143.63,161.33,0.1497,-0.0583,0.987,12,2
0.0086,0.0913,-15.0122,143.624,161.441,0.1571,-0.0558,0.986,12,2
0.0062,0.1334,-14.9974,143.615,161.531,0.0683,-0.0576,0.996,12,2
0.0065,0.1843,-14.9906,143.604,161.665,0.2717,0.0392,0.9616,12,2
0.0121,0.0461,-14.9342,143.612,161.841,0.1253,0.0198,0.9919,12,2
0.0121,0.0466,-14.9231,143.609,161.895,0.6985,0.6852,-0.2064,12,2
0.0098,0.1367,-15.341,143.838,160.29,-0.3263,0.9112,0.2516,13,2
0.0142,0.0784,-15.4024,143.961,160.314,-0.147,0.977,0.1546,13,2
0.0135,0.1332,-15.4145,144.038,160.326,-0.1248,0.9825,0.1386,13,2
0.0111,0.051,-15.4311,144.171,160.359,-0.138,0.9777,-0.158,13,2
0.0111,0.1017,-15.4347,144.222,160.348,-0.3431,0.9341,-0.0985,13,2
0.0091,0.1588,-15.4707,144.317,160.341,-0.3226,0.9403,-0.1082,13,2
0.0026,0.1235,-15.8594,143.57,161.652,-0.7704,0.1791,0.6119,14,2
0.0034,0.135,-15.9563,143.592,161.726,-0.688,0.167,0.7062,14,2
0.011,0.164,-15.5102,143.778,160.584,0.0388,-0.2494,0.9676,15,2
0.0092,0.1135,-15.516,143.726,160.742,0.1176,-0.1625,0.9797,15,2
0.0112,0.1198,-15.5036,143.716,160.855,0.1686,-0.1794,0.9692,15,2
0.0072,0.0621,-15.4809,143.685,160.969,0.1767,-0.1613,0.9709,15,2
0.0056,0.0733,-15.4708,143.671,161.029,0.1693,-0.1834,0.9683,15,2
0.0036,0.1071,-15.4594,143.658,161.1,0.1922,-0.1764,0.9654,15,2
0.0048,0.1194,-15.4346,143.643,161.203,0.2022,-0.201,0.9585,15,2
0.0036,0.0608,-15.4127,143.617,161.318,0.222,-0.0819,0.9716,15,2
0.0036,0.1438,-15.4011,143.611,161.378,0.1989,0.0123,0.9799,15,2
0.005,0.0635,-15.6312,143.678,160.688,0.6788,-0.6149,0.4014,16,2
0.0048,0.1628,-15.5834,143.645,160.717,0.6208,-0.708,0.3368,16,2
0.0057,0.199,-15.4805,143.529,160.77,0.5325,-0.6881,0.4929,16,2
0.0034,0.2758,-15.6564,143.657,160.728,0.3115,-0.1732,0.9343,17,2
0.0027,0.0741,-15.5687,143.611,160.986,0.2616,-0.2149,0.941,17,2
0.0027,0.1427,-15.5478,143.596,161.055,0.2158,-0.2345,0.9479,17,2
0.005,0.0976,-15.7112,143.62,160.806,0.153,-0.7436,0.6509,18,2
0.005,0.1449,-15.6963,143.548,160.87,0.2247,-0.5127,0.8286,18,2
0.0046,0.0648,-15.6679,143.469,160.988,0.1704,-0.4533,0.8749,18,2
0.0041,0.0685,-15.6564,143.44,161.045,0.1514,-0.4353,0.8875,18,2
0.0044,0.0757,-15.6467,143.408,161.105,0.211,-0.3624,0.9078,18,2
0.0046,0.0609,-15.6297,143.382,161.174,0.1804,-0.3571,0.9165,18,2
0.0049,0.0659,-15.6205,143.357,161.229,0.2088,-0.2821,0.9364,18,2
0.0034,0.1127,-15.6076,143.334,161.29,0.2096,-0.2404,0.9478,18,2
0.0035,0.0716,-15.5802,143.308,161.396,0.18,-0.2019,0.9627,18,2
0.0028,0.0701,-15.5678,143.293,161.465,0.1667,-0.1946,0.9666,18,2
0.0029,0.075,-15.5563,143.28,161.533,0.1659,-0.1978,0.9661,18,2
0.0071,0.1204,-15.5478,143.267,161.607,0.3004,-0.0515,0.9524,18,2
0.0069,0.1721,-15.7621,143.618,160.865,-0.7191,0.2206,0.659,19,2
0.0069,0.0646,-15.8859,143.656,160.979,-0.6564,0.2551,0.71,19,2
0.0062,0.0633,-15.9296,143.671,161.024,-0.6431,0.2973,0.7057,19,2
0.0053,0.0695,-15.9718,143.69,161.067,-0.6499,0.2884,0.7031,19,2
0.0096,0.071,-16.0119,143.715,161.118,-0.6026,0.2501,0.7579,19,2
0.0046,0.0685,-16.0623,143.731,161.167,-0.5428,0.2674,0.7961,19,2
0.0092,0.0624,-16.0957,143.751,161.224,-0.5342,0.3061,0.788,19,2
0.0046,0.0653,-16.1354,143.768,161.271,-0.4217,0.1688,0.8909,19,2
0.0046,0.1122,-16.1665,143.779,161.328,-0.3074,0.062,0.9496,19,2
0.0032,0.0481,-15.8229,143.554,161.072,-0.8679,-0.4928,0.062,20,2
0.0047,0.1215,-15.8701,143.536,161.071,-0.8049,-0.5573,0.204,20,2
0.0046,0.1118,-15.972,143.469,161.09,-0.7087,-0.5581,0.4317,20,2
0.0035,0.1349,-16.0537,143.407,161.136,-0.5933,-0.4973,0.633,20,2
0.0048,0.1739,-15.8156,143.57,161.109,-0.4299,0.7584,0.4899,21,2
0.0043,0.07,-15.8917,143.703,161.192,-0.3485,0.6712,0.6542,21,2
0.0041,0.1034,-15.9171,143.75,161.237,-0.2082,0.6437,0.7365,21,2
0.0041,0.1421,-15.9406,143.818,161.312,-0.0992,0.4684,0.8779,21,2
0.0037,0.1233,-15.8312,143.546,161.127,-0.4654,-0.7463,0.4759,22,2
0.0053,0.0861,-15.8885,143.452,161.184,-0.3947,-0.6808,0.617,22,2
0.0044,0.0671,-15.9241,143.393,161.236,-0.2543,-0.6054,0.7542,22,2
0.0039,0.0654,-15.9436,143.352,161.286,-0.16,-0.5326,0.8311,22,2
0.0034,0.067,-15.9565,143.316,161.339,-0.1417,-0.4746,0.8687,22,2
0.003,0.068,-15.9665,143.283,161.397,-0.132,-0.4384,0.889,22,2
0.0025,0.1349,-15.9775,143.251,161.456,-0.1316,-0.3642,0.922,22,2
0.008,0.0472,-15.8211,143.563,161.161,0.4822,0.7267,0.4893,23,2
0.0078,0.1693,-15.7805,143.6,161.166,0.7117,0.0214,0.7022,23,2
0.0077,0.0924,-15.6648,143.624,161.282,0.4658,0.2303,0.8544,23,2
0.0049,0.0982,-15.6147,143.638,161.36,0.3183,0.2368,0.9179,23,2
0.0044,0.0665,-15.5788,143.658,161.45,0.3234,0.2405,0.9152,23,2
0.0039,0.0627,-15.556,143.673,161.51,0.2638,0.2678,0.9267,23,2
0.0072,0.1082,-15.5401,143.699,161.567,0.1937,0.1262,0.9729,23,2
0.0034,0.0863,-15.8352,143.559,161.172,-0.9126,0.1799,0.3671,24,2
0.0042,0.12,-15.9171,143.58,161.197,-0.8704,0.107,0.4806,24,2
0.0045,0.0623,-16.0229,143.593,161.253,-0.7706,0.0683,0.6336,24,2
0.004,0.0673,-16.0723,143.598,161.291,-0.7195,0.0158,0.6943,24,2
0.0036,0.0673,-16.1213,143.6,161.337,-0.6304,-0.0225,0.776,24,2
0.0027,0.1293,-16.1658,143.599,161.388,-0.5513,-0.0587,0.8323,24,2
0.0027,0.1307,-15.8169,143.552,161.172,0.3521,-0.6151,0.7054,25,2
0.0031,0.1092,-15.7673,143.465,161.259,0.3089,-0.4828,0.8194,25,2
0.0036,0.1917,-15.7318,143.411,161.348,0.24,-0.4086,0.8806,25,2
0.0025,0.1073,-15.8389,143.559,161.549,0.7397,-0.236,0.6302,26,2
0.0025,0.222,-15.8224,143.603,161.638,0.6355,0.3678,0.6788,26,2
0.0399,0.1168,-14.0008,143.982,159.104,0.7051,-0.0827,0.7042,27,2
0.0399,0.1644,-13.9184,143.972,159.186,0.34,-0.0716,0.9377,27,2
0.0404,0.0874,-13.8647,143.968,159.348,0.3274,-0.6527,0.6833,27,2
0.0354,0.1671,-13.8337,143.917,159.419,0.4014,-0.8355,0.3752,27,2
0.0344,0.118,-13.7643,143.777,159.48,0.3947,-0.8349,0.3837,27,2
0.035,0.11,-13.7161,143.678,159.523,0.3515,-0.7944,0.4953,27,2
0.0348,0.1501,-13.6752,143.588,159.573,0.2409,-0.6943,0.6781,27,2
0.0298,0.0995,-13.6394,143.474,159.671,0.1611,-0.3645,0.9171,27,2
0.0299,0.1257,-13.6228,143.438,159.763,0.143,-0.362,0.9211,27,2
0.0268,0.1827,-13.5989,143.395,159.874,0.6304,-0.5384,0.5592,27,2
0.0238,0.0771,-13.4813,143.299,159.976,0.7452,-0.6425,0.1786,27,2
0.021,0.0762,-13.4236,143.25,159.989,0.731,-0.6581,0.1805,27,2
0.0201,0.0702,-13.3671,143.2,160.002,0.7285,-0.6357,0.2554,27,2
0.0195,0.0718,-13.3161,143.154,160.017,0.7209,-0.6034,0.3409,27,2
0.0204,0.1098,-13.2621,143.11,160.038,0.6924,-0.5566,0.4591,27,2
0.0216,0.0755,-13.1854,143.052,160.091,0.5664,-0.6538,0.5017,27,2
0.0203,0.0758,-13.1401,143.005,160.131,0.4852,-0.8062,0.3386,27,2
0.0185,0.0883,-13.1054,142.942,160.155,0.3776,-0.8336,0.4032,27,2
0.0188,0.0895,-13.0708,142.868,160.189,0.3854,-0.763,0.519,27,2
0.0184,0.0635,-13.0369,142.8,160.235,0.4016,-0.7107,0.5776,27,2
0.0178,0.1097,-13.0097,142.754,160.271,0.3362,-0.6998,0.6303,27,2
0.0169,0.184,-12.9702,142.675,160.337,0.2641,-0.6608,0.7025,27,2
0.0197,0.093,-12.9117,142.56,160.47,0.1563,-0.6839,0.7126,27,2
0.0216,0.1519,-12.9023,142.495,160.538,0.4077,-0.5306,0.7431,27,2
0.0266,0.1188,-12.8112,142.4,160.652,-0.0866,-0.1053,0.9907,27,2
0.0281,0.1168,-12.8411,142.386,160.775,0.2474,-0.0239,0.9686,27,2
0.0238,0.0738,-12.7977,142.411,160.892,-0.0263,-0.1454,0.989,27,2
0.0119,0.0695,-12.8139,142.426,160.966,0.0978,0.0124,0.9951,27,2
0.013,0.0829,-12.8076,142.431,161.036,0.1264,-0.0115,0.9919,27,2
0.0065,0.1235,-12.7989,142.422,161.117,0.0936,-0.0806,0.9923,27,2
0.0099,0.0636,-12.7872,142.426,161.24,0.0505,-0.0273,0.9984,27,2
0.0085,0.1588,-12.7822,142.411,161.304,0.0601,-0.0086,0.9982,27,2
0.01,0.08,-12.7725,142.419,161.463,0.0727,-0.0378,0.9966,27,2
0.004,0.1065,-12.7649,142.408,161.542,0.0905,-0.037,0.9952,27,2
0.0049,0.0895,-12.7547,142.41,161.648,0.0992,-0.0636,0.993,27,2
0.0049,0.115,-12.7454,142.401,161.737,0.0898,0.0617,0.994,27,2
0.0042,0.0778,-12.7341,142.405,161.852,0.0985,0.0413,0.9943,27,2
0.0046,0.0509,-12.7253,142.409,161.929,0.1082,-0.0326,0.9936,27,2
0.004,0.0972,-12.7214,142.405,161.98,0.1844,-0.0152,0.9827,27,2
0.0046,0.0543,-12.7037,142.404,162.075,0.1813,-0.0284,0.983,27,2
0.004,0.119,-12.6937,142.403,162.129,0.1724,0.0041,0.985,27,2
0.0346,0.1733,-14.0424,144.166,159.401,-0.6237,0.7421,0.2457,28,2
0.0342,0.1586,-14.1503,144.297,159.44,-0.6099,0.6959,0.3792,28,2
0.0356,0.0762,-14.2484,144.407,159.499,-0.5601,0.6467,0.5178,28,2
0.0318,0.0929,-14.2922,144.456,159.544,-0.9666,0.1727,-0.1892,28,2
0.0248,0.1001,-14.3875,144.48,159.549,-0.9407,0.178,-0.2887,28,2
0.0233,0.1108,-14.4809,144.499,159.521,-0.9435,0.2435,0.2246,28,2
0.023,0.0817,-14.5853,144.528,159.546,-0.927,0.2227,0.3017,28,2
0.0232,0.0791,-14.6616,144.546,159.569,-0.9113,0.2082,0.3552,28,2
0.0214,0.0883,-14.7332,144.565,159.597,-0.9038,0.166,0.3944,28,2
0.0204,0.0805,-14.8132,144.58,159.631,-0.8926,0.1739,0.416,28,2
0.0195,0.116,-14.886,144.595,159.663,-0.8406,0.1769,0.512,28,2
0.0189,0.0996,-14.9836,144.616,159.722,-0.7778,0.1471,0.611,28,2
0.0184,0.1341,-15.0627,144.632,159.781,-0.7207,0.127,0.6815,28,2
0.0194,0.1083,-15.1597,144.648,159.872,-0.693,0.1383,0.7075,28,2
0.0189,0.0759,-15.2361,144.664,159.947,-0.6157,0.1556,0.7725,28,2
0.0185,0.1123,-15.2837,144.677,160.005,-0.5963,0.1186,0.794,28,2
0.0205,0.1461,-15.3454,144.682,160.1,-0.5921,0.1685,0.7881,28,2
0.0172,0.1115,-15.4328,144.7,160.215,-0.4439,0.099,0.8906,28,2
0.0205,0.0705,-15.4788,144.714,160.318,-0.4507,-0.3764,0.8094,28,2
0.0164,0.1116,-15.522,144.697,160.386,-0.2692,-0.8637,0.426,28,2
0.0165,0.1016,-15.5558,144.602,160.434,-0.2981,-0.8197,0.4891,28,2
0.019,0.1305,-15.5847,144.519,160.485,-0.2606,-0.796,0.5463,28,2
0.0134,0.1282,-15.6207,144.412,160.552,-0.2691,-0.7252,0.6338,28,2
0.0246,0.2061,-15.6862,144.32,160.623,-0.2681,-0.5454,0.7942,28,2
0.0236,0.1356,-15.7439,144.188,160.778,-0.3379,-0.3401,0.8776,28,2
0.0098,0.0692,-15.7902,144.112,160.887,-0.6746,-0.2414,0.6975,28,2
0.0091,0.118,-15.8379,144.096,160.934,-0.6056,-0.2094,0.7677,28,2
0.0125,0.0658,-15.9065,144.076,161.027,-0.5529,-0.1397,0.8215,28,2
0.0078,0.0713,-15.9467,144.062,161.079,-0.5094,-0.1513,0.8471,28,2
0.0079,0.0624,-15.9828,144.052,161.139,-0.4694,-0.184,0.8636,28,2
0.0067,0.0775,-16.0134,144.038,161.192,-0.4566,-0.1631,0.8746,28,2
0.0061,0.068,-16.0514,144.024,161.258,-0.3776,-0.0947,0.9211,28,2
0.0066,0.1128,-16.079,144.016,161.32,-0.3332,-0.0528,0.9414,28,2
0.0048,0.0771,-16.1206,144.009,161.426,-0.2368,0.0024,0.9716,28,2
0.006,0.0533,-16.1378,144.01,161.501,-0.2313,0.0417,0.972,28,2
0.0045,0.103,-16.1518,144.01,161.552,-0.2325,0.0645,0.9705,28,2
0.003,0.1222,-16.1766,144.018,161.652,-0.1573,0.1355,0.9782,28,2
0.0228,0.2484,-13.6346,144.557,159.554,0.2843,0.7459,0.6024,29,2
0.022,0.1636,-13.5622,144.745,159.7,0.2535,0.6781,0.6898,29,2
0.0237,0.0856,-13.518,144.857,159.812,0.2196,0.5585,0.7999,29,2
0.0237,0.0572,-13.4985,144.901,159.891,0.0029,0.9501,0.3119,29,2
0.0208,0.1155,-13.4986,144.955,159.909,0.016,0.9925,0.1216,29,2
0.0205,0.0832,-13.4963,145.07,159.923,0.0409,0.8938,0.4465,29,2
0.0218,0.0939,-13.4964,145.145,159.96,0.1732,0.7859,0.5936,29,2
0.0175,0.0836,-13.4825,145.233,160.007,0.1609,0.5477,0.8211,29,2
0.0168,0.0907,-13.471,145.284,160.072,0.1265,0.54,0.8321,29,2
0.0193,0.0647,-13.4592,145.332,160.148,0.0299,0.51,0.8596,29,2
0.0184,0.2156,-13.4601,145.36,160.207,0.0964,0.4319,0.8968,29,2
0.0176,0.0707,-13.437,145.457,160.398,0.1172,0.3889,0.9138,29,2
0.0157,0.1211,-13.4273,145.485,160.462,0.1343,0.3498,0.9272,29,2
0.0216,0.0674,-13.4218,145.529,160.582,0.5783,0.0604,0.8136,29,2
0.0235,0.1401,-13.3723,145.552,160.635,0.4939,-0.1948,0.8474,29,2
0.0128,0.0662,-13.2908,145.535,160.749,0.3622,-0.052,0.9306,29,2
0.0124,0.155,-13.2677,145.533,160.811,0.3071,-0.066,0.9494,29,2
0.0117,0.0841,-13.217,145.522,160.958,0.2606,-0.0538,0.964,29,2
0.0113,0.0761,-13.1943,145.518,161.039,0.2305,-0.0685,0.9707,29,2
0.0105,0.2104,-13.1757,145.512,161.112,0.2101,-0.0491,0.9764,29,2
0.0097,0.0508,-13.1324,145.5,161.318,0.185,0.0017,0.9827,29,2
0.0094,0.0466,-13.1217,145.501,161.368,0.1956,-0.0377,0.98,29,2
0.0091,0.0538,-13.1078,145.498,161.412,0.2623,0.0465,0.9639,29,2
0.0129,0.0838,-13.0827,145.496,161.462,0.1812,0.0221,0.9832,29,2
0.0043,0.1051,-13.0825,145.492,161.548,0.2526,0.0464,0.9665,29,2
0.0122,0.0621,-13.045,145.496,161.648,0.2237,0.0942,0.9701,29,2
0.0149,0.0632,-13.0322,145.508,161.708,0.2505,0.0223,0.9679,29,2
0.0097,0.0861,-13.021,145.512,161.77,0.1594,0.1436,0.9767,29,2
0.0148,0.0796,-12.9957,145.518,161.852,0.191,0.0992,0.9766,29,2
0.0107,0.0528,-12.9804,145.525,161.93,0.1861,0.085,0.9788,29,2
0.0046,0.1279,-12.9831,145.528,161.983,0.138,0.0905,0.9863,29,2
0.0025,0.3245,-12.9771,144.751,160.104,-0.2387,-0.9707,0.0281,30,2
0.0194,0.1651,-12.772,144.787,160.331,0.096,-0.9929,-0.0698,31,2
0.0186,0.0656,-12.7589,144.625,160.317,-0.0934,-0.8435,-0.5289,31,2
0.0186,0.2296,-12.7507,144.548,160.3,0.0105,-0.6211,-0.7836,31,2
0.0194,0.2052,-12.753,144.406,160.118,0.0444,-0.6781,-0.7336,31,2
0.0063,0.076,-12.741,144.795,160.364,0.8464,-0.3014,-0.4391,32,2
0.0194,0.2781,-12.6645,144.731,160.337,0.6483,0.0682,-0.7583,32,2
0.004,0.1047,-12.4865,144.669,160.145,0.4888,-0.2075,-0.8474,32,2
0.0085,0.178,-12.4304,144.656,160.056,0.4843,-0.3201,-0.8142,32,2
0.0025,0.1085,-12.7492,144.832,160.398,-0.8583,0.4547,0.238,33,2
0.0025,0.2341,-12.784,144.766,160.423,-0.8517,-0.4327,0.2957,33,2
0.0058,0.132,-12.7158,144.833,160.388,-0.0497,0.8266,-0.5606,34,2
0.0025,0.1294,-12.7661,144.967,160.335,0.0749,0.7196,-0.6904,34,2
0.0025,0.1659,-12.7576,144.953,160.138,0.0681,0.7056,-0.7053,34,2
0.0114,0.1137,-12.6768,144.82,160.45,0.9421,-0.3069,-0.1349,35,2
0.0086,0.0649,-12.5628,144.801,160.436,0.904,-0.3771,-0.2013,35,2
0.0101,0.0804,-12.5034,144.766,160.425,0.9395,0.0005,-0.3426,35,2
0.0147,0.052,-12.4238,144.776,160.402,0.806,-0.0464,-0.59,35,2
0.0078,0.1891,-12.3901,144.762,160.383,0.6388,0.2415,0.7305,35,2
0.0204,0.0986,-12.6694,144.863,160.499,0.0565,0.8809,-0.4699,36,2
0.0204,0.0435,-12.6638,144.95,160.453,0.4366,0.624,-0.6481,36,2
0.0137,0.0533,-12.635,144.975,160.43,0.4438,0.7389,-0.5069,36,2
0.0135,0.084,-12.6129,145.015,160.402,0.3708,0.6857,-0.6264,36,2
0.019,0.1386,-12.5708,145.093,160.367,0.1469,0.582,-0.7999,36,2
0.0183,0.0961,-12.5452,145.167,160.252,0.2879,0.6276,-0.7233,36,2
0.0173,0.1262,-12.5252,145.238,160.176,0.8368,0.2683,-0.4773,36,2
0.0137,0.2371,-12.4107,145.286,160.063,0.9792,0.0757,0.188,36,2
0.0188,0.2694,-12.6272,144.852,160.559,0.3236,-0.9447,-0.0524,37,2
0.0185,0.0277,-12.5478,144.579,160.541,0.7253,-0.1684,-0.6675,37,2
0.0148,0.347,-12.4336,144.525,160.553,0.51,0.5674,-0.6465,37,2
0.0094,0.0812,-12.2525,144.708,160.352,0.855,-0.3627,-0.3708,37,2
0.0149,0.0714,-12.1905,144.672,160.311,0.8457,-0.1702,-0.5057,37,2
0.0069,0.0644,-12.1275,144.663,160.283,0.9562,-0.1232,-0.2656,37,2
0.0093,0.0859,-12.0625,144.658,160.273,0.8857,-0.3524,-0.3021,37,2
0.0078,0.0485,-11.9876,144.627,160.241,0.9515,-0.2539,-0.1738,37,2
0.0107,0.0711,-11.9423,144.612,160.229,0.9571,-0.2886,0.0239,37,2
0.0069,0.0857,-11.8698,144.602,160.227,0.9238,-0.2682,0.2731,37,2
0.0063,0.0593,-11.7903,144.579,160.25,0.879,-0.109,0.4642,37,2
0.0058,0.0701,-11.7356,144.573,160.274,0.8042,-0.2001,0.5597,37,2
0.0053,0.0762,-11.6798,144.557,160.314,0.8069,-0.1639,0.5675,37,2
0.005,0.1088,-11.6181,144.543,160.356,0.7884,-0.1329,0.6006,37,2
0.0036,0.0695,-11.529,144.531,160.419,0.6883,-0.1877,0.7007,37,2
0.0037,0.0496,-11.4801,144.518,160.466,0.6687,-0.1812,0.7211,37,2
0.0041,0.0876,-11.4464,144.509,160.502,0.6546,-0.2021,0.7285,37,2
0.0033,0.0501,-11.3875,144.491,160.564,0.5086,-0.1981,0.8379,37,2
0.0027,0.1331,-11.3594,144.481,160.605,0.468,-0.1979,0.8613,37,2
0.0062,0.1351,-12.614,144.917,160.628,0.0539,0.9827,-0.1774,38,2
0.01,0.1185,-12.6149,145.056,160.615,0.272,0.8887,-0.3691,38,2
0.009,0.0519,-12.5893,145.169,160.568,0.7801,0.5479,-0.302,38,2
0.0059,0.0842,-12.5491,145.198,160.54,0.7456,0.6663,-0.0069,38,2
0.0058,0.0991,-12.4865,145.255,160.535,0.7439,0.6557,0.1288,38,2
0.0083,0.1106,-12.4122,145.322,160.541,0.6479,0.7084,0.2801,38,2
0.0105,0.1755,-12.3468,145.416,160.566,0.7539,0.4828,0.4457,38,2
0.0048,0.151,-12.6407,144.959,160.701,-0.6413,0.3924,0.6594,39,2
0.003,0.2724,-12.7408,145.012,160.801,-0.6342,0.4274,0.6442,39,2
0.0105,0.1415,-12.621,144.985,160.767,0.4394,-0.0484,0.897,40,2
0.0091,0.3485,-12.53,145.032,160.866,0.6064,0.0855,0.7905,40,2
0.0056,0.0319,-12.366,145.101,161.17,0.5928,0.153,0.7907,40,2
0.0054,0.1178,-12.3463,145.105,161.195,0.5048,0.0965,0.8578,40,2
0.0066,0.2052,-12.2822,145.119,161.293,0.4416,0.0827,0.8934,40,2
0.0034,0.1365,-12.1947,145.136,161.478,0.4294,0.0576,0.9013,40,2
0.008,0.127,-12.1212,145.16,161.594,0.4276,-0.0051,0.904,40,2
0.0033,0.197,-12.6379,145.016,160.809,-0.5107,-0.4646,0.7234,41,2
0.0028,0.1005,-12.7436,144.923,160.949,-0.3146,-0.372,0.8733,41,2
0.0109,0.0573,-12.6188,145.077,160.958,0.4531,0.8637,0.2207,42,2
0.0109,0.1062,-12.5738,145.134,160.943,0.3886,0.7781,0.4936,42,2
0.0036,0.1202,-12.4978,145.219,160.965,0.4832,0.6412,0.5962,42,2
0.005,0.0644,-12.4431,145.296,161.04,0.4938,0.6179,0.6119,42,2
0.0047,0.07,-12.4089,145.335,161.078,0.466,0.5919,0.6577,42,2
0.0043,0.0869,-12.3778,145.38,161.123,0.4609,0.5119,0.7249,42,2
0.0055,0.0657,-12.3395,145.426,161.186,0.4605,0.4853,0.7433,42,2
0.0048,0.0662,-12.3087,145.459,161.233,0.4582,0.4576,0.762,42,2
0.0029,0.0714,-12.2738,145.49,161.281,0.457,0.4226,0.7827,42,2
0.0029,0.1301,-12.2419,145.521,161.337,0.4584,0.3321,0.8244,42,2
0.0039,0.0876,-12.6313,145.122,161.237,0.8688,0.3084,0.3875,43,2
0.0056,0.0529,-12.5545,145.153,161.268,0.781,0.245,0.5744,43,2
0.0057,0.1036,-12.5079,145.167,161.294,0.5768,0.2528,0.7768,43,2
0.0057,0.0792,-12.4477,145.193,161.375,0.4798,0.1882,0.857,43,2
0.0035,0.0679,-12.4075,145.207,161.441,0.4773,0.1602,0.864,43,2
0.0058,0.0601,-12.3809,145.219,161.503,0.4367,0.1416,0.8884,43,2
0.004,0.0889,-12.3522,145.228,161.555,0.439,0.1598,0.8842,43,2
0.0036,0.0991,-12.3131,145.242,161.633,0.4735,0.1254,0.8718,43,2
0.0067,0.1515,-12.2637,145.265,161.718,0.4543,0.0333,0.8902,43,2
0.0036,0.124,-12.6392,145.165,161.433,-0.2961,0.9298,0.2186,44,2
0.003,0.0544,-12.6763,145.281,161.46,-0.1759,0.9101,0.3751,44,2
0.0027,0.0433,-12.6882,145.332,161.477,-0.0157,0.8015,0.5978,44,2
0.0025,0.1308,-12.6903,145.369,161.501,0.0146,0.7374,0.6753,44,2
0.0052,0.1263,-12.6343,145.156,161.454,0.6329,0.0355,0.7734,45,2
0.005,0.0566,-12.5517,145.161,161.551,0.4257,0.0114,0.9048,45,2
0.0083,0.0598,-12.5125,145.163,161.596,0.3835,0.0156,0.9234,45,2
0.0048,0.0641,-12.5038,145.164,161.657,0.3888,0.0496,0.92,45,2
0.0084,0.0616,-12.4727,145.174,161.713,0.3238,0.0914,0.9417,45,2
0.0063,0.0592,-12.4519,145.171,161.772,0.2999,0.1068,0.948,45,2
0.0044,0.0975,-12.4373,145.177,161.829,0.3366,0.1014,0.9362,45,2
0.0071,0.1303,-12.4034,145.197,161.92,0.3524,0.0223,0.9356,45,2
0.0026,0.1648,-12.6368,145.163,161.463,-0.5826,-0.1265,0.8029,46,2
0.0029,0.0677,-12.7328,145.141,161.595,-0.5328,-0.1066,0.8395,46,2
0.0027,0.0608,-12.7696,145.133,161.651,-0.4114,-0.0717,0.9086,46,2
0.0057,0.1137,-12.7899,145.131,161.708,-0.3435,0.0696,0.9366,46,2
0.0027,0.0513,-12.6282,145.295,162.096,0.1907,0.7685,0.6107,47,2
0.0027,0.0662,-12.6108,145.325,162.128,0.5143,0.4101,0.7532,47,2
0.0025,0.0511,-12.5785,145.363,162.206,0.792,0.5851,-0.1741,47,2
0.0176,0.0772,-14.4182,143.903,159.788,0.6626,0.3163,0.6789,48,2
0.0175,0.0311,-14.367,143.928,159.841,0.6622,0.0707,0.746,48,2
0.02,0.1139,-14.3447,143.926,159.863,0.6331,0.1427,0.7608,48,2
0.0151,0.1522,-14.2788,143.973,159.951,0.3631,0.0308,0.9312,48,2
0.0117,0.0733,-14.221,143.973,160.092,0.3304,-0.0513,0.9425,48,2
0.0101,0.442,-14.1736,143.973,160.155,0.2338,0.011,0.9722,48,2
0.0077,0.0875,-14.0675,143.983,160.585,0.2335,-0.0092,0.9723,48,2
0.0067,0.074,-14.0446,143.98,160.669,0.1246,-0.1208,0.9848,48,2
0.0057,0.0628,-14.0351,143.971,160.742,0.1168,0.0512,0.9918,48,2
0.0057,0.0728,-14.0343,143.972,160.806,0.2419,0.0877,0.9663,48,2
0.0098,0.0713,-14.0138,143.984,160.876,0.0619,0.0678,0.9958,48,2
0.0022,0.1034,-14.0201,143.981,160.947,-0.0002,0.0806,0.9967,48,2
0.0098,0.0942,-14.4387,144.264,160.149,-0.8516,0.3694,0.3719,49,2
0.0087,0.0537,-14.5197,144.297,160.184,-0.8569,0.4166,0.3037,49,2
0.007,0.1339,-14.5662,144.318,160.201,-0.885,0.3883,0.257,49,2
0.0166,0.0552,-14.677,144.39,160.241,-0.8914,0.2325,0.3891,49,2
0.0131,0.0756,-14.757,144.404,160.261,-0.0372,0.5659,0.8236,49,2
0.0068,0.0842,-14.7725,144.444,160.323,-0.0904,0.3267,0.9408,49,2
0.0067,0.0542,-14.7731,144.474,160.402,-0.084,0.3237,0.9424,49,2
0.0066,0.0751,-14.7846,144.489,160.454,0.0533,0.3017,0.9519,49,2
0.0087,0.072,-14.7789,144.508,160.527,-0.0191,0.2596,0.9655,49,2
0.0064,0.1409,-14.7824,144.531,160.595,-0.0535,0.2227,0.9734,49,2
0.01,0.1592,-14.7842,144.567,160.731,-0.02,0.1542,0.9878,49,2
0.008,0.0736,-14.7908,144.589,160.889,-0.0206,0.168,0.9856,49,2
0.0082,0.1157,-14.7925,144.603,160.961,-0.0147,0.1621,0.9867,49,2
0.0054,0.0649,-14.7985,144.619,161.076,-0.0825,0.1669,0.9825,49,2
0.0052,0.0627,-14.8024,144.631,161.139,-0.0516,0.139,0.9889,49,2
0.005,0.0661,-14.8056,144.639,161.201,-0.0579,0.144,0.9879,49,2
0.005,0.0767,-14.8088,144.649,161.267,-0.0463,0.1147,0.9923,49,2
0.0071,0.0741,-14.8095,144.655,161.344,-0.1102,0.1306,0.9853,49,2
0.0085,0.0741,-14.8199,144.66,161.417,-0.1521,0.1445,0.9777,49,2
0.0069,0.0831,-14.8267,144.672,161.489,0.0132,0.1072,0.9941,49,2
0.0075,0.1061,-14.8228,144.679,161.572,-0.1008,0.0507,0.9936,49,2
0.0037,0.1543,-14.2481,144.347,160.774,0.4242,-0.3491,0.8356,50,2
0.0034,0.057,-14.1816,144.293,160.902,0.3198,-0.2668,0.9091,50,2
0.0034,0.0753,-14.1614,144.275,160.953,0.2984,-0.188,0.9357,50,2
0.0059,0.0856,-14.1336,144.264,161.023,0.2686,-0.1621,0.9495,50,2
0.0033,0.0695,-14.1172,144.245,161.105,0.2608,-0.117,0.9583,50,2
0.0047,0.1168,-14.1025,144.237,161.173,0.2766,-0.1415,0.9505,50,2
0.0049,0.0473,-14.0687,144.219,161.283,0.1738,-0.1034,0.9793,50,2
0.0052,0.0566,-14.0605,144.217,161.33,0.1755,-0.1319,0.9756,50,2
0.003,0.1392,-14.0528,144.206,161.385,0.1941,-0.1516,0.9692,50,2
0.0038,0.1373,-14.0264,144.185,161.52,0.1547,-0.1057,0.9823,50,2
0.0071,0.2464,-14.2654,144.366,160.787,-0.013,0.6168,0.787,51,2
0.0037,0.2693,-14.2675,144.348,160.824,-0.501,-0.4592,0.7335,52,2
0.0044,0.3382,-14.2654,144.365,160.895,-0.6449,0.303,0.7016,53,2
0.003,0.0579,-14.2563,144.383,161.19,-0.3665,0.5428,0.7557,54,2
0.003,0.0353,-14.2775,144.415,161.234,-0.4707,0.4151,0.7785,54,2
0.0047,0.103,-14.3007,144.43,161.258,-0.3342,0.3791,0.8629,54,2
0.0035,0.0658,-14.3427,144.468,161.346,-0.2624,0.3055,0.9153,54,2
0.0027,0.0671,-14.3589,144.488,161.406,-0.2755,0.291,0.9162,54,2
0.0026,0.0586,-14.3773,144.508,161.468,-0.282,0.3187,0.9049,54,2
0.0029,0.1043,-14.3952,144.525,161.52,-0.2708,0.3069,0.9124,54,2
0.0059,0.1165,-14.4219,144.568,161.615,-0.2614,0.142,0.9547,54,2
0.0038,0.0906,-14.4524,144.59,161.724,-0.1158,0.2403,0.9638,54,2
0.0082,0.0265,-14.229,144.384,161.353,0.5908,0.6063,0.5323,55,2
0.0081,0.0738,-14.2212,144.405,161.363,0.1124,0.7512,0.6505,55,2
0.005,0.0902,-14.2178,144.458,161.414,0.1992,0.5025,0.8413,55,2
0.0057,0.1239,-14.1911,144.498,161.492,0.0983,0.4871,0.8678,55,2
0.0041,0.0856,-14.1822,144.559,161.599,0.1271,0.4214,0.8979,55,2
0.0033,0.1014,-14.1701,144.596,161.676,0.168,0.3913,0.9048,55,2
0.0022,0.1423,-14.1523,144.636,161.767,0.1683,0.3553,0.9195,55,2
0.0033,0.2167,-14.2347,144.374,161.569,0.0372,-0.6289,0.7766,56,2
0.0028,0.1559,-14.2276,144.235,161.736,-0.007,-0.4844,0.8748,56,2
0.0072,0.3288,-14.2331,144.395,161.594,-0.6745,0.1461,0.7237,57,2
0.0021,0.1281,-14.2137,144.379,161.64,0.6225,-0.468,0.6273,58,2
0.0042,0.0933,-14.135,144.324,161.724,0.4667,-0.4458,0.7638,58,2
0.002,0.0769,-14.0912,144.285,161.796,0.5589,-0.4067,0.7227,58,2
0.0055,0.1297,-14.2184,144.397,161.846,-0.4795,0.2136,0.8511,59,2
0.0058,0.1395,-14.2831,144.428,161.955,-0.3606,0.1007,0.9273,59,2
0.0033,0.0608,-14.1893,144.425,161.941,0.1409,0.9201,0.3654,60,2
0.0033,0.1331,-14.1808,144.481,161.964,0.216,0.6301,0.7459,60,2
0.0131,0.1668,-14.2607,143.249,159.493,0.4498,0.5884,0.6719,61,2
0.0219,0.1832,-14.1783,143.369,159.609,0.0607,-0.2086,0.9761,61,2
0.0219,0.1629,-14.14,143.35,159.787,0.0507,-0.0169,0.9986,61,2
0.0053,0.1771,-14.1479,143.336,159.95,0.147,-0.1165,0.9822,61,2
0.0087,0.0756,-14.6655,142.632,160.064,-0.9043,-0.0713,-0.421,62,2
0.0087,0.1112,-14.7339,142.627,160.032,-0.7472,-0.3668,-0.5543,62,2
0.0145,0.1195,-14.8248,142.598,159.972,-0.8131,-0.4852,-0.3218,62,2
0.0129,0.0763,-14.9329,142.557,159.928,-0.7585,-0.606,-0.2396,62,2
0.0127,0.0648,-15.0016,142.529,159.897,-0.8822,-0.4657,0.0693,62,2
0.0126,0.1294,-15.0509,142.484,159.907,-0.8865,-0.4236,0.1863,62,2
0.0114,0.1882,-15.1613,142.419,159.92,-0.8995,-0.4346,0.0449,62,2
0.0098,0.1735,-15.3397,142.339,159.898,-0.8704,-0.4287,0.2421,62,2
0.0079,0.4024,-15.4838,142.27,159.953,-0.6701,-0.5,0.5486,62,2
0.0067,0.0465,-14.7214,142.559,160.192,-0.0488,0.6576,0.7518,63,2
0.0067,0.1441,-14.7237,142.59,160.227,0.3765,0.2967,0.8776,63,2
0.003,0.0434,-14.9813,142.283,160.338,0.1787,0.4426,0.8787,64,2
0.0038,0.0885,-14.98,142.305,160.378,0.3109,0.4053,0.8597,64,2
0.0027,0.0542,-14.9535,142.339,160.456,0.3238,0.5166,0.7927,64,2
0.0028,0.1889,-14.9366,142.366,160.499,0.3535,0.5471,0.7588,64,2
0.0077,0.0901,-14.9955,142.238,160.354,0.4159,-0.6961,0.5852,65,2
0.0076,0.0915,-14.9586,142.172,160.404,0.4155,-0.6055,0.6788,65,2
0.007,0.0613,-14.9202,142.117,160.466,0.388,-0.5425,0.7451,65,2
0.0071,0.0523,-14.896,142.084,160.512,0.3832,-0.5455,0.7454,65,2
0.0068,0.1148,-14.8762,142.055,160.551,0.3888,-0.5627,0.7295,65,2
0.0064,0.0686,-14.8312,141.99,160.634,0.3828,-0.5476,0.744,65,2
0.005,0.1498,-14.8021,141.947,160.68,0.3797,-0.5222,0.7636,65,2
0.0068,0.2722,-14.7697,141.829,160.798,0.5724,-0.2716,0.7737,65,2
0.0049,0.0773,-14.6542,141.732,161.01,0.2359,-0.3711,0.8981,65,2
0.0043,0.0677,-14.6357,141.704,161.08,0.2377,-0.3469,0.9073,65,2
0.004,0.1459,-14.6157,141.678,161.14,0.1391,-0.2931,0.9459,65,2
0.0035,0.1905,-15.0366,142.223,160.392,-0.3151,-0.8383,0.445,66,2
0.0052,0.1181,-15.0975,142.062,160.474,-0.1619,-0.8282,0.5365,66,2
0.0052,0.0555,-15.1168,141.963,160.537,-0.1285,-0.791,0.5982,66,2
0.0039,0.1533,-15.1311,141.917,160.566,-0.0759,-0.7389,0.6695,66,2
0.0038,0.0566,-15.1415,141.803,160.669,-0.1453,-0.7336,0.6639,66,2
0.0035,0.1013,-15.1513,141.762,160.706,-0.1196,-0.7206,0.683,66,2
0.004,0.0928,-15.1637,141.688,160.775,-0.0761,-0.6361,0.7679,66,2
0.0035,0.0651,-15.1775,141.626,160.844,0.0126,-0.5228,0.8524,66,2
0.003,0.1441,-15.1723,141.591,160.899,0.0322,-0.411,0.9111,66,2
0.0059,0.0753,-15.0403,142.236,160.42,0.2248,0.2714,0.9359,67,2
0.005,0.0958,-15.0253,142.253,160.493,0.2386,0.3356,0.9113,67,2
0.0047,0.0779,-15.003,142.285,160.58,0.2694,0.3442,0.8994,67,2
0.0048,0.0663,-14.9822,142.313,160.65,0.2903,0.3104,0.9052,67,2
0.003,0.0871,-14.9611,142.333,160.71,0.3066,0.2899,0.9066,67,2
0.0033,0.1182,-14.9369,142.361,160.789,0.3121,0.2677,0.9115,67,2
0.0049,0.0472,-14.904,142.396,160.896,0.271,0.2555,0.928,67,2
0.0036,0.0903,-14.8884,142.407,160.94,0.2911,0.1723,0.941,67,2
0.0034,0.0565,-14.8611,142.421,161.025,0.2458,0.1911,0.9503,67,2
0.0034,0.1503,-14.8476,142.433,161.078,0.2254,0.1883,0.9559,67,2
0.0052,0.0335,-15.1027,142.218,160.472,-0.2254,0.5416,0.8098,68,2
0.0052,0.0369,-15.1102,142.236,160.499,-0.5333,0.5961,0.6002,68,2
0.0078,0.091,-15.1277,142.258,160.524,-0.5459,0.5956,0.5893,68,2
0.0106,0.1817,-15.1686,142.324,160.58,-0.6884,0.3442,0.6385,68,2
0.0081,0.1251,-15.2784,142.415,160.705,-0.0869,-0.2662,0.96,68,2
0.0039,0.1328,-15.295,142.381,160.824,-0.1461,-0.1891,0.971,68,2
0.0044,0.073,-15.3171,142.355,160.953,-0.0974,-0.1676,0.981,68,2
0.0039,0.0991,-15.3261,142.341,161.024,-0.0686,-0.1595,0.9848,68,2
0.0068,0.1165,-15.3352,142.319,161.121,-0.0153,-0.1175,0.993,68,2
0.0081,0.0756,-15.3366,142.304,161.236,0.01,-0.1199,0.9927,68,2
0.0099,0.1127,-15.3342,142.288,161.311,-0.0252,-0.0144,0.9996,68,2
0.0126,0.0925,-15.3291,142.276,161.422,0.047,-0.142,0.9887,68,2
0.0025,0.0622,-15.3947,142.043,160.738,-0.1932,-0.9326,-0.3049,69,2
0.0025,0.0784,-15.4067,141.985,160.719,0.4778,-0.7522,0.4537,69,2
0.0027,0.1477,-15.3544,141.962,160.773,0.1987,-0.5226,0.8291,69,2
